,M10,M12,M14,M15,M16,M17,M18,M19,M2,M20,M21,M23,M24,M25,M26,M27,M28,M29,M3,M30,M31,M33,M35,M36,M37,M38,M39,M4,M40,M41,M43,M44,M45,M46,M47,M48,M5,M6,M7,M8,M9,P10,P12,P14,P15,P16,P17,P18,P19,P2,P20,P21,P23,P24,P25,P26,P27,P28,P29,P3,P30,P31,P33,P35,P36,P37,P38,P39,P4,P40,P41,P43,P44,P45,P46,P47,P48,P5,P6,P7,P8,P9
8.061111111,0,0,3.222626088,0,0,2.330450218,0,0,0,0,0,0,2.152363493,0,0,0,0,0.595651511,0,0,0,0,0,0,0,0,0,0,0,0,0,0,0,2.32950554,0,1.969616003,0,0,0,0,0,0,0,0,0,0,2.067180982,0,0,0,0,0,0,1.213160502,0,2.398470524,0,0,0,0,0,0,0,0,0,0,0,0,0,0,0,0,0,0,0,0,0,0,0,0,0,0
8.23,0,0,1.665421207,0,0,0,0,0,0,0,0,0,0,0,0,0,0.705695916,0,0,0.44861364,0,0,0,0,0,0,0,0,0,0,0,0.842721041,0,0,0,0,0,0,0,0,0,0,0,0,0,0,0,0,0,0,0,0,0,0,1.05285381,0,0,0,0,0,0,0,0,0,0,0,0,0,0,0,0,0,0,0,0,0,0,0,0,0,0,0
8.307142857,0,0.486496101,0,0,0.68499149,0,0,0,0,0,0,0,0,0,0,0,0,0,0,0,0,0,0,0,0,0,0,0,0,0,0,0,0.166691677,0,0,0,0,0,0,0,0,0,0,0,0,0,0,0,0.335619914,0,0,0,0,0,0,0,0,0,0,0,0,0.522720255,0.159725969,0,0,0,0,0,0,0.481189441,0,0,0,0,0,0,0,0,0,0,0,0
8.394,0,0,0,0,0,0,0,0,0,0,0,0,0,0,0,0,0,0,0,0,0,0,0,0,0,0,0,0,0,0,0,0,0,0,0,0.392780191,0,0,0,0,0,0,0,1.40034688,0,0,0,0,0,0,0,0.327289761,0,0,0,0,0.320928541,0,0,0,0,0,0,0,0,0,0,0,0,0,0,0,0,0,0,0,0,0,0.739795291,0,0,0
8.47375,0,0,0,0,1.008018318,0,0,0,0,0,0,0,0,0,0,0,0,0,0,0.928736029,0,0,0,0,0,0,2.006514766,2.145744575,0,1.295531094,0,2.183047995,0,0,0,1.109869601,0,2.080588756,0,0,0,1.232578084,0,0,0,1.334034096,0,0,0,0,0,0,1.911334285,0,0,0.922009169,0,0,0.460231223,0,0,0,0,0,0,0,0,0.849288877,0,0,0,0,0,1.128234416,1.359726468,0,0,0,0,0,0,0
8.516153846,0.656209044,0,0,0,0.565489464,0,0,0,0,0,0,0,0,0,0,0,0,0,0,0,0.873555221,0.534027201,0,0,0,0,0,0,0,0,1.157223425,0,0.250098804,0,0,0,0,0,2.714669252,0,0,0,0.954173875,0,0.45002042,0,0,0,0,0,0,0.77642514,0,0,0,0,1.863678965,0,0.588660361,0,0,1.041708156,0,0,0,0,0,0,0,0,0,0,0,0,0,0,0,0,0,0,0,0
8.545666667,0,1.223475035,0,0,1.533951981,0,0,0,0,1.132181252,0,0,0.393080347,0,0,0,0,0,0,0,0,0,0,0,0.344911588,0,0,0,0,0.276049855,0,0,0,0,0.839626488,0,0,0,0,0,0,0,0,0,0.412064266,0,0,1.329415727,0,0,0,0,0,0,0,0.733820687,0,0.269562053,0.300665965,1.106767127,0,0,0,0,0,0,0,0,0,0.396490813,0.706279654,0,0,0,0,0,0,0,0,0,0,0
8.904761905,1.29607344,0,0,0,0,0,0,0,0,0,0,0,0,2.303441904,0,0,0,0,0,1.366883184,0,0,1.380351703,0,0,0,0,1.660416031,0.810663556,0,0,2.298509614,0,0,0,1.116547442,0,0,0,2.344738979,0,0,0,0,0,0,0,0,0,2.900543424,0,0,0,0.578523424,0,0,0,1.172952844,0,0,0,0,0,1.987696618,1.64139658,0,0,0.765837155,1.904231621,0,1.861592938,0,2.701576602,1.240048566,1.159360967,0,0,0,0,0,2.866758451,0
8.99,0.511533469,0,0,0,0,0,0,0,0,0,0,0,0,0,0,0,0,0,0,0,0,0.611435066,0,0,0,1.419308222,0,0,0,0,0,0,0,0,0,0,0,0,0,0,0,0,0,0,0,0,0,0,0,0,0,0,0,0,0,0,0,0,0,0,0,0,0,0,0,0,0,0,0,0,0,0,0,0,0,0,0,0,0,0,0,0
9.26,0,0,0,0,0,0,0,0,0,0,0,0,0.57798921,0,0,0,0,0,0,0,0,0,0,0,0,0,0,0,0.207715675,0,0,0,0,0,0,0,0,0,0,0,0,0,0,0,0,0,0,0,0.591293936,0,0,0,0,0,0,0,0,0,0,0,0,0,0,0,0,0,0,0,0,0,0,0,0,0,0,0,0,0,0,0,0,0
9.693125,0,0.863825002,0,0,0,0,1.359812867,0.185290411,1.153816857,0,0,1.134152734,0.612606315,0,0.598612728,0,0.570607928,0,0,0,0.763808796,0,0,0.245939936,0.235187414,0.786267021,0,0,0.142692484,0,0,0,0.58077166,0.623308558,0,0,0,0,0,0,1.407211535,0,0,0,0,0.363001515,0,0,0,0,0,0,0,0,0,0.940361248,0,0,0,0,1.558871196,0,0,0,0,0,1.092827176,0,0,0,0.65941801,0,1.541934292,0,0.408132449,0,0,0,0,0,0,1.218302308
9.7,0,0.238495138,0,0,0,0,0,0,0,0,0,0,0,0,0,0,0,0,0,0,0,0,0,0,0,0,0.715198902,0,0,0,0,1.259893512,0,0,0,0,0,0,1.410504387,0,0,0,0,0,0,0,0,0,0,0,0,0,0,0,0,0,0,0,0,0,0,0,0,0,0,0,0,0.338687953,0,0,0,0,0,0,0,0,0,0,0,0,0,0
9.755306122,1.160380653,1.547589335,0,0,1.500490114,0,1.269796042,0.306668154,1.242803384,0,1.175392059,0.794830854,0.937031526,0,0.827602226,0,0.474475475,0,2.430640421,0,0.923514354,0,1.196387358,0.263197511,0.959138238,0.785103082,0.440078086,0,0.084624803,0,1.358268035,1.046346652,0.953285115,0.519996203,0,0.849669183,1.20343292,0.880729423,1.415913094,0,0,0,1.553049256,0,0,0.409180133,0,0,0,0,0,0.887724967,0,0,0,1.340258791,0,0.980663069,0.653811956,0,0,0.987797045,0.886365667,1.031351524,0,1.378220998,0.843365253,0.352538939,0,0.543708022,0.875613102,0.809543211,1.414531237,1.061041219,0.294538157,1.25138201,0,0,2.148048897,1.923340716,0,0.942396288
9.776,0,0,0,0,0,0,0,0,0,0,0,0,0,0,0,0,0,0,0,0,0,0,0,0,0,0,0,0,0.130391138,0,0,0,0,0,0,0,0,0.834353035,1.508455301,0,0,0,0,0,0,0,0,0,0,0,0,0,0.854124148,0,0,0,1.004558487,0,0,0,0,0,0,0,0,0,0,0,0,0,0,0,0,0,0,0,0,0,0,0,0,0
9.89,0,0,0,0,0,0,0,0,1.513720089,0,0,0,0,0,0,0,0,0,0,0,0,0,0,0,0,0,0,0,0,0,0,0,0,0,0,0,0,0,0,0,0,0,0,0,0,0.345128122,0,0,0,0,0,0,0,0,0,0,0,0,0,0,0,0,0.521206549,0,0,0,0,0,0,0,0,0,0,0,0,0,0,0,0,0,0,0
9.915,0,0,0,0,0,0,0,0,0,0,0,0.736331002,0,0,0,0,0,0,0,0,0,0,0,0,0,0,0,0,0,0,0,0,0,0,0,0,0,0,0,0,0,0,0,0,0,0,0,0,0,0,0,0,0.518424927,0,0,0,0,0,0,0,0,0,0,0,0,0,0,0,0,0,0,0,0,0.32230665,0,0,0,0,0,0,0,0.749252864
9.95,0,0,0,0,0,0,0,0,0,0,0,0,0,0,0,0,0,0,0,0,0,0,0,0,0,0,0,0,0,0,0,0,0.32562186,0,0,0,0,0,0,0,0,0,0,0,0,0,0,0,0,0,0,0,0,0,0,0,0,0,0,0,0,0,0.250118403,0,0,0,0,0,0,0,0,0,0,0,0,0,0,0,0,0,0,0
10.22,0,0,0,0,0,0,0,0,0,0,0,0,0,0,0,0,0,0,0,0,0,0,0,0,0,0,0,0,0,0,0,0,1.333362696,0,0,0,0,0,0,0,0,0,0,0,0,0,0,0,0,0,0,0,0,0,0,0.712250147,0,0,0,0,0,0,0,0,0,0,0,0,0,0,0,0,0,0.686364595,0,0,0,0,0,1.720420528,0,0
10.255,0,0,0,0,0,0,0,0,0,0,0,0,0,0,0,0,0,0,1.121763346,0,0,0,0,0,0,0,0,0,0,0,0,0,0,0,0.675878178,0,0,0,0,0,0,0,0,0,0,0,0,0,0,0,0,0,0,0,0,0,0,0,0,0,0,0,0,0.459437803,0,0,0,0,0,0,0,0,0.483890465,0,0,0,0,0,0,0,0,0
10.32285714,0,0,0,0,0,0,0.830954421,0,0,0,0,0,0,0,0,0,0,0,0,0,0,0.463604396,0,0,0.273364761,0,0,0,0,0,0,0,0,0,0,0.386297532,0,0,0,0,0,0,0,0,0,0,0,0,0,0,0,0.336827052,0,0,0,0,0.522213878,0,0,0,0,0,0,0,0,0,0,0,0,0,0,0,0,0,0,0,0,0,0.741091663,0,0,0
10.471875,0,0,0,0,0,0,0,0,0,0,1.116406423,0.900585269,0,0,0.44716594,0,0,0,0,0,0,0,0,0,0,0.917156328,0,0,0,0,0,0,0,0,0,0,0.64410398,0.83714477,2.292143892,0,0,0,1.310280766,0,0,0,0,0,1.036687247,0,0,0,0.740352445,0,0,0,0,0,0,1.155317318,0,0,0,0,0.682491428,0,0.472827332,0,0.979210122,0,0,0,0,0,0,0,0,0.628689996,0,0,0,0.913513378
10.59333333,0,0,0,0,0,0,0,0,0.599858036,0,0,0,0,0,0,0,0,0,0,0,0,0,0,0,0,0,0,0,0,0,0,0,0,0,0,0,0,0,0,0,0,0,0,0,0,0,0,0,0,0,0,0,0,0,0,0,0,0,0,0,0,0,0,0,0,0,0,0,0,0,0,0,0,0,0,0.678558542,0,0,0,0,0,0.709721479
10.692,0,0,0,0,0,0,0,0,0,0,0,0,0,0,0,0,0,0,0,0,0,0,0,0,0,0,0,0,0,0,0,0,0.272145586,0,0,0,0,0,0,0,0,0,0,0,0,0,0,0,0,0,0,0,0,0,0,0,0,0,0,0,0,0,0,0,0,0,1.313897152,0,0,0.925983733,0,0,0,0,0,0.514083419,0,0,0,0,0,0.633733027
10.75428571,0,0,0,0,0,0,0,0,1.311821569,0,0,0.670743613,0,0,0,0,0,0,0,0,0,0,0,0,0,0,0,0,0,0,0,0,0,0,0,0,0,0,0,0,0.862463698,0,0,0,0,0,0,0,0,0,0,0,0.392508892,0,0,0,0,0,0,0,0,0,0,0,0,0,0,0,0,0,0,0,0,0.645667146,0,0.683707149,0,0,0,0,0,1.131024102
11.04931818,0,0,0,0,0,0,0,0,1.540192299,0,0,0.553890088,0,0,0,0,0,0,1.915223833,0,0,0,0,0,0,0,0,0,0.190503556,0,0,0,0.315443332,0,0,0,0,0,0,0,0.69763731,0,0.865556605,0,0,0.231723304,0,0,0,0,0,0,0.240848477,0,0,0,0,0,0,1.198509942,0.454667372,0,0.298349482,0,0,0.463038771,0.706095056,0,1.25258386,0,0,0.35338787,0.98376327,0,0,0.947146861,0,0.996186861,0,1.658075386,2.372562522,1.605026462
11.13,0,0,0,0,0,0,0,0,0,0,0,0,0,0,0,0,0,0,0,0,0,0,0,0,0,0,0,0,0,0,0,0,0,0,0,0,0,0,0,0,0.264473165,0,0,0,0,0,0,0,0,0,0,0,0,0,0,0,0,0,0,0,0,0,0,0,0,0,0,0,0,0,0,0,0,0,0,0.437575554,0,0,0,0,0,0
11.23666667,0,0,0,0,0,0,0,0,0,0,0,0,0,0,0,0,0,0,0,0,0,0,0,0,0,0,0,0,0,0,0,0.418965239,2.891010393,0,0,0,0,0,0,1.548907651,0,0,0,0,0,0,0,0,0,0,0,0,0,0,0,0,0,0,0,0,0,0,0,0,0,0,0,0,0,0,0,0,0,0,0,0,0,0,0,0,0,0
11.81888889,0.960073757,0,0,0,0,0,0,0,0,0,0,0,0,0,0,0,0,0,0,0,0,0,0,0.17009117,0,0.931835054,0,0,0,0,0.563448757,0,0.382698158,0,0,0,0,0,0,0,0,0,0,0,0,0,0,0,0,0,0,0,0,0,0,0,0,0,0,0,1.253018464,1.392185889,0,0,0,0,0,0,0,0.240564852,0,0,0,0,0,1.351497677,0,0,0,0,0,0
11.84727273,0,0,0,0,0.781635213,0,1.236168362,0,0,0,0,1.295964244,0,0,0,0,0,0,0,0,0,0,0,0,0,0,0,0,0,0.271918661,0,0,0,0,0,0,0,1.151970809,1.935616412,0,0,1.229368502,0,0,0,0.437200673,0,0,0,0,0,0,0.915421593,0,0,0,0,0,0,0,0,0,0,0,0,0,0,0,0,0,0,0,0,0.318686507,0.58130798,0,0,0,0,0,0,0
11.955,0,0,0,0,0,0,0,0,0,0,0,0,0,0,0,0,0,0,0,0,0,0,0,0,0,0,0,0,0,0,0,0,0,0,0,0,0,0,0,0,0,0,0,0,0,0,0,0,0,0,0,0,0,0,0,0,0,0,0,0.909546243,0,0,0,0,0,0,0.41169854,0,0,0,0,0,0,0,0,0,0,0,0,0,0,0
12.39733333,0,0,0,0,0,0,0,0.612741005,1.262013779,0,0,0.678911535,0.835989783,0,0,0,0,0.196056608,0,0,0,0,0,0,0,0,0,0,0,0,0,0,0,0.139948822,0,0.528604198,0,0,0,0,0,0,0,0,0,0.447332715,0,0,0.618638654,0,0,0,0.70025173,0.813264642,0,0,0,0,0.392427936,0,0,0,1.0589481,0,0,0,0,0,0,0,0,0,0,0.219425124,0,0,0.341688276,0,0,0,0,0
12.455,0,0,0,0,0,0,0,0,0,0,0,0,0,0,0,0,0,0,0,0,0,0,0,0,0,0,0,0,0,0,0,0,0.398148788,0,0,0,0,0,0,0,0,0,0,0,0,0,0,0,0,0,0,0,0,0,0,0,0,0,0,0,0,0,0,0,0,0,0,0,0,0,0,0,0,0.140639692,0,0,0,0,0,0,0,0
12.66740741,0,0,0,0,0,0,0,0.28667881,0.873080242,0,0,0.760162119,0.649578199,0,0,0,0,0.137553109,0,0,0.64725697,0,1.019291009,0,0,0,0,0,0,0.271955586,0,0,0.652305593,0.233464568,0,0,0,0.629893243,0,0,0,0,0,0,0.791817414,0.402656482,0,0,0,0,0,0.692482372,0.373751016,0.586249043,0,0,0,0,0,0,0.719449843,0.711039355,0.826435908,0.772844195,0.629550469,0.430969891,0.936469729,0.169338771,0,0,0,0,0,0.555201187,0.200539697,0.490145275,0,0,0,0,0,0
12.72882353,0,0,0,0,0,0,0,0,0.812172458,0,0,0,0.258005774,0,0,0,0,0.096061816,0,0,0.448296272,0,0,0,0,0,0,0,0,0,0,0,0.18354619,0.099883795,0,0,0,0,0,0,0,0,0.854616697,0,0,0.323815522,0,0,0,0,0,0,0.347629423,0,0,0,0,0,0,0,0,0.879143447,0.407583206,0.466506385,0.466803242,0,0,0.227392113,0,0,0,0.252173277,0,0,0.217914126,0.456775925,0,0,0,0,0,0
12.79166667,0,0,0,0,0,0,0,0.319390195,0.805558241,0,0,0.541458992,0.392260392,0,0,0,0,0,0,0,0.49412984,0,0,0,0,0,0,0,0,0,0,0,0.336006961,0.143697829,0,0,0,0,0,0,0,0,0,0,0,0.290455697,0,0,0,0,0,0,0.384896783,0,0,0,0,0,0,0,0,0,0.571409596,0,0,0,0,0,0,0,0,0,0,0.165031697,0.105083051,0,0,0,0,0,0,0
13.12375,0,0,0,0,0,0,0,0,0,0,0,0,0,0,0,0,0,0,0.964327534,0,0.801484998,0,0,0,0,0.463213934,0,0,0.081108523,0,0,0,0.299478105,0,0,0,0.38884991,0,0,0,0.405105698,0,0.537485239,0,0,0,0,0,0,0,0,0,0,0,0,0,0,0,0,0,0,0.452713046,0,0.502242165,0,0.447782496,0,0.069402479,0,0,0,0.324169203,0.954156612,0,0,0.924034779,0,0,0,0,0,0.472602249
13.18133333,0,0,0,0,0,0,0,0,1.23988716,0,0,0.783659705,0,0,0,0,0,0,0,0,0,0,0,0,0,0,0,0,0,0,1.002122364,0,0,0.210401909,0,0,0,0,0,0,0.677110746,0,0.655948519,0,0,0.170655072,0,0,0,0,0,0,0.699063929,0,0,0,0,0,0,0,0,0,0,0,0,0,0,0.076462575,0,0.737242065,0,0.498885543,0,0.188221909,0.333555794,0,0,0,0.563547751,0,0,0.510313801
13.24,0,0,0,0,0,0,0,0,0,0,0,0,0,0,0,0,0,0,0,0,0,0,0,0,0,0.56408365,0,0,0,0,0,0,0,0.136626017,0,0,0,0,0,0,0,0,0,0,0,0,0,0,0,0,0,0,0,0,0,0,0,0,0,0,0,0,0,0,0,0,0,0,0,0,0,0,0,0,0,0,0,0,0,0,0,0
13.26172414,0,0,0,0,0,0,0,0,0.69191422,0,0,0.484144398,0.58015267,1.046538167,0,0,0,0,0,0,0.769452603,0,0,0.093671619,0,0,0.391243738,0,0,0,0.630872761,0,0.274015229,0,0,0,0,0,0,0,0.678281769,0.796423765,0.783379228,0,0,0.361456377,0,0,0.628764574,0,0,0,0,0,0,0,0,0,0,0,0.510613133,1.007881036,0.85775923,0.786598237,0.883070445,0.38731189,0.538075036,0.17802029,0,0,0,0.477780293,0.723376606,0.150361468,0.187315932,0.853097346,0,0,0,1.159585879,0,0.779095223
13.35666667,0,0,0,0,0,0,0,0,0,0,0,0.697478489,0,0,0,0,0,0,0,0,0,0,0,0,0,0,0,0,0,0,0,0,0,0,0,0,0,0,0,0,0.988716094,0,0,0,0,0,0,0,0,0,0,0,0,0,0,0,0,0,0,0,0,0,0,0,0,0,0,0,0,0,0,0,0,0,0,0,0,0,0,0,0,0.815786248
13.388,0,0,0,0,0,0,0,0,0,0,0,0,0,0,0,0,0,0,0,0,0,0,0,0,0,0,0,0,0,0,0,0,0,0,0,0,0,0,0,0,0,0,0.604363223,0,0,0,0,0,0,0,0,0,0.420911212,0,0,0,0,0,0,0,0,0,0,0,0,0.398175393,0,0.08173709,0,0,0,0,0,0,0,0.776431067,0,0,0,0,0,0
13.7290678,0.673418746,0.769243807,0,0,0,0,1.085813569,0.535907913,0,1.097829544,1.076651869,0,0.680110421,1.509630323,0.699132966,0.441418452,0.257983,0.34585636,0,0.357942899,0.682197029,0.403971761,0.942369224,0,0.284796872,0.79373898,0,0,0.166027397,0.47643645,1.133216815,0.959463576,0.590579881,0.193643307,1.407279101,0.642709941,0.816778045,0,0,0,0.919289479,1.151300439,1.145429963,0,0.836128565,0.665749809,0,0,0.786832834,0,0,0.618104627,0.381628313,0.609901462,1.035974332,0.70190001,0.487362198,0,0.30083626,0,0.466876467,0.830429844,0.701334137,0.980750858,1.121939351,0.713370817,0.676069183,0.31087739,1.119751591,0,0.581627095,1.103144533,1.815079725,0.346940202,0.215218404,1.493178239,0.528992369,0.768734673,1.609493684,0,0,0.469156018
13.79738095,0,0,0,0,0,0,1.78801672,0.512400451,0,0,0,0.394944144,1.618039425,0,0,0.569597363,0,0.138207191,0,0,0.790809759,0,1.883008255,0,1.241884447,0,0,0,0.353215354,0.834572054,1.400435669,0,0,0.313906668,3.308655436,1.042567639,0,0.796792815,0,0,1.08420477,0.715062691,1.044636507,0,2.270700197,0.471841294,0,1.927515277,0,0,0,1.655416056,0.236669828,0.517447253,1.600765495,0,1.029770947,0,0,0,0,0.779238015,0.774059615,1.074940206,0.824413284,0,0.832355927,0.268967335,1.8777685,0,0.673463127,0.413156877,0,0.077088083,0.286721487,1.925541924,0,0,1.397054595,1.018749727,0,1.045109443
13.86416667,0.492099632,0,0,0,0,0,0,0,1.04104201,0,0,0.655523415,0,0,0,0,0,0.101347537,0,0.631964678,0.636031268,0,0,0.197541568,0.520607229,0,0,0,0.195103762,0.354817404,0,0,0.541406849,0.873070568,0,0,0,0,0,0,0,0,0,0,0,0.264111388,0,0,0,0,0,0,0.253003515,0,0,0,0.563004338,0,0,0,1.016734199,0.983979369,0.465884336,0,0,0,0.61308188,0.146921927,0,0.748975521,0,0,0,0.213836938,0.225349052,0,0,0,0,1.313598811,0,0
14.05666667,0,0.683749204,0,0,0,0,0,0,0.883032936,0,0,0.681835538,0.294053286,0,0,0,0.236830729,0.306384235,0,0.809561839,0.558152966,0,0,0.332826026,0,0,0.528513479,0,0,0,0,0,0.634103726,0.515076813,0,0,0,0,0,0,0,0,0,0,0,0.313317801,0,0,0,0,0,0,0.688140426,0,0,0,0,0.488601579,0.244306382,0,0.496542314,0,0.220440748,0,0,0,1.230205601,0.148774019,0,0,0,0,0.845327142,0.227630073,0.691231207,0.462404546,0,0,0,0,0,0
14.25,0,0,0,0,0,0,0,0,0,0,0,0,0,0,0,0,0,0,0,0,0,0,0,0,0,0,0,0,0,0,0,0,0,0.391124362,0,0,0,0,0,0,0,0,0,0,0,0,0,0,0,0,0,0,0,0,0,0,0,0,0,0,0,0,0,0,0,0,0,0,0,0,0,0,0,0.125422724,0.247731826,0,0,0,0,0,0,0
14.29833333,0,0,0,0,0,0,0,0,0,0,0,0,0.326708047,0,0,0,0,0.110272518,0,0,0,0.294673754,0,0,0,0,0,0,0,0,0,0,0,0.246051837,0,0.369641607,0,0.507769966,0,0,0,0,0,0,0,0.249062277,0,0,0.463148926,0,0,0,0,0,0,0,0,0,0.155324023,0,0,0,0,0,0,0,0,0,0,0,0,0,0,0.142289624,0.292119429,0,0.138550075,0,0,0,0,0
14.37,0,0,0,0,0,0,0,0,0,0,0,0,0.293036772,0,0,0,0,0.097737373,0,0,0,0,0,0,0,0,0,0,0,0,0,0,0,0,0,0,0,0.452122152,0,0,0,0,0,0,0,0,0,0,0,0,0,0,0,0,0,0,0,0,0,0,0,0,0,0,0,0,0,0,0,0,0,0,0,0,0,0,0,0,0,0,0,0
14.52461538,0,0,0,0,0,0,0,0.112951076,0.976269832,0,0,0.690895254,0.439545643,0,0,0,0,0.093923872,0,0,0,0,0,0,0,0,0,0,0,0,0,0,0,0,0,0.204650267,0,0.666239512,0,0,0,0,0,0,0,0.148565605,0,0,0,0,0,0,0.38851731,0,0,0,0,0,0.152156988,0,0,0,0.273184254,0,0,0,0,0,0,0,0,0,0,0.183063865,0.275201902,0,0,0,0,0,0,0
14.58888889,0,0,0,0,0,0,0,0,0.507086384,0,0,0.344529648,0,0,0,0,0.286049614,0,0,0,0,0,0,0,0,0,0,1.104943427,0,0,0,0,0,0,0,0,0,0,0,0,0,0,0,0,0,0.134330877,0,0,0,0,0,0,0,0,0,0.6871644,0,0,0,0,0,0,0.353216515,0,0.986782418,0,0,0.296713088,0,0,0,0,0,0,0,0,0,0,0,0,0,0
14.64409091,0,0,0,0,0,0,0,0,0.914199762,0,0.570694059,0.643718052,0,0,0,0,0,0,0,0,0,0,0,0,0,0,0.295514986,0,0,0,0,0,0,0.155394333,0,0,0,0,0,0,0,0,0,0,0,0.162145158,0,0,0,0,0,0,0.470083476,0,0,0,0,0,0,0,0,0.319263413,0,0,0,0,0,0,0,0,0,0,0,0.110648749,0.193003384,0,0,0,0,0,0,0.589902761
14.6988,0.790678234,0.787248402,0,0,1.036708691,0,1.342678331,0.649259097,0,0,1.1082913,0,0,1.178132888,0.627409867,0.491821673,0.276490557,0,0,0.732089219,1.08150755,1.15426028,0.906661359,0,0.658448102,0.961746371,0.720053478,0,0.153607008,0.450318601,1.048856369,0.798643716,0.705899264,0,1.365175433,0,0.689988695,0,1.366001009,0,0.624827376,0.879022026,0.791212032,0,0.580870635,1.042976196,1.059788052,0,0,0,0,0.589412567,0,0.711134802,1.444465421,0.92011774,0.523870667,0,0,0,0.873650694,1.124993812,1.147807572,1.105092132,1.01703325,0,1.136936433,0.484564438,0,0,0.555548828,0.567416394,1.068883429,1.005515356,0,0.756756206,0.642634807,0,1.325943188,0,0,0
15.11,0,0,0,0,0,0,0,0.27458998,0,0,0,0,0,0,0,0,0,0,0,0,0.624683114,0,0,0,0,0,0.508590464,0,0,0,0,0,0,0,0,0.457095494,0,0,0,0,0,0,0.475193447,0,0,0.419349306,0,0,0,0,0,0,0,0.467518304,0,0,0,0,0,0,0.487321086,0.779365441,0.726557157,0.565713326,0,0,0.428116581,0.222450599,0,0,0,0,0,0,0,0,0,0,0,0,0,0
15.20823529,0,0,0,0,0,0,1.093764607,0,0,0,0,0,0,0,0,0,0,0,0,0.601567489,0.90821184,0,0.502142167,0.224450981,0,0.962981292,0.717364916,0,0,0,0,0,0.265601653,0,0,0,0,0,0,0,0,0,0.614325757,0,0,0,0,0,0,0,0,0.287562621,0,0,0,0,0,0,0,0,0.846858637,1.324499533,0,1.176351163,0.864807238,0,0.730629938,0.439214195,0,0,0,0,0,0,0,0,0,0,0.650837683,0,0,0
15.2425,0,0,0,0,0,0,0,0,0.847777836,0,0,0.309660534,0,0,0,0,0,0,0,0,0,0,0,0,0,0,0,0,0,0,0,0,0,0,0,0,0,0,0,0,0,0,0,0,0,0,0,0,0,0,0,0,0,0,0,0,0,0,0,0,0,0,0,0,0,0,0,0,0,0,0,0,0,0.079888913,0.143514853,0,0,0,0,0,0,0
15.30333333,0,0,0,0,0,0,0,0,0.509528955,0,0,0.257985001,0,0,0,0,0,0,0,0,0,0,0,0,0,0,0,0,0,0,0,0,0.160718521,0.279005197,0,0,0,0,0,0,0,0,0,0,0,0,0,0,0,0,0,0,0.229689539,0,0,0,0,0,0,0,0,0,0,0,0,0,1.162687923,0.097163271,0,0,0,0,0,0.149187079,0.270196866,0,0,0,0,0,0,0
15.375625,0,0,0,0,0,0,0,0,0,0,0,0,0.345316571,0,0,0,0,0,0,0,0.593544433,0.32414718,0,0.121138118,0,0.632083482,0.484092987,0,0,0,0,0,0,0,0,0,0,0,0,0,0,0,0.52898308,0,0,0.213113227,0,0,0,0,0,0,0.174840214,0,0,0,0,0,0,0,0,0.749121776,0.806439749,0.698851976,0.582556514,0,0.631596843,0.222318129,0,0,0,0,0,0.148146062,0,0,0,0,0,0,0,0
15.45769231,1.91977834,2.684730505,2.743584752,0,2.654904357,3.172936005,2.994897371,1.53572199,1.190422812,3.547033984,3.100078206,1.724846179,2.480019088,3.235460196,0.731322362,0.446880237,0.255754306,0.160557439,1.541324063,2.563340068,3.100723545,2.523870669,2.453447365,1.607394501,0.476887611,2.969684138,2.68690266,0.587680709,0.155389539,0.338256643,0.647670084,0.805349123,1.557861653,0.582968099,0.937865176,0.407487847,0.576806671,1.361359361,2.659814319,2.93296854,0.596207853,2.631596576,3.103130304,2.618818369,0,1.903669711,2.99444354,2.711462523,2.294647522,0,2.783584771,2.330231991,1.845440741,2.179521408,2.875025969,0,1.465936699,1.152250621,0.477201115,1.472507706,2.961237804,3.216885264,2.902663714,3.162347632,3.061706797,0.542276137,3.023934249,1.912864627,0.867128195,0.402405689,1.942869733,0.447169565,0.79484648,0.833625742,0.209148568,0.758906737,0.190279577,0.530140894,2.693534848,3.347282866,2.937301731,1.504211305
15.538,0,0,0,0,2.044091347,0,0,0,0,0,0,1.965462736,0,0,0,0,0,0,1.470850117,1.627049621,1.847629191,0,1.524771853,0,0,0,1.644231987,0,0,0.451046426,0,1.123620083,0,1.067811237,0,1.126767207,0,1.524300067,2.324240829,0,0,0,0,1.360587949,0,1.28060314,0,0,1.734573441,1.967561817,1.768475885,0,1.607903002,1.587522374,2.271301858,0,0,0,0.737400304,0,0,0,0,0,0,0,0,0.610789831,0,0,0,0,0,0.781278569,0.874202664,0,0,0,0,0,0,0
15.62272727,0,0,0,0,1.152850859,0,0,0,0,0,0,2.741653184,0,0,0,0,0,0,0,0,0,0,0,0,0,0,0,0,0,0,0,0,0,1.615918326,0,2.224580895,0,2.590456962,0,0,0,0,0,0,0,1.895610342,0,0,2.371166853,0,0,0,2.254354454,0,0,0,0,0,1.468766882,0,0,0,0,0,0,0,0,0,0,0,0,0,0,1.295803228,1.616668178,0,0,0,0,0,0,0
15.695,0,0,0,0,0,0,0,0,0,0,0,0.447758693,0,0,0,0,0,0,0,0,0,0,0,0.156784498,0,0,0,0,0.73114195,0,0,0,0.119796679,1.187556105,0,0,0,0,0,0,0.460362266,0,0,0,0,0,0,0,0,0,0,0,0.206793029,0,0,0,0,0,0,0,0,0,0,0,0,0,0,0.06250995,0,0,0,0,0,0.115049833,0.194647575,0,0,0,0,0,0,0
15.74219178,0.519126642,0.911493369,1.908244855,0,0.944617042,0,1.626113588,0.378066834,1.074620182,1.440610272,1.124132245,0.839996635,1.668261413,0.905435386,0.445459777,0.926936607,0.186152225,0.226704799,0,0.635877547,0.86411486,0.637585542,1.894235179,0.224700397,0.954385643,0.728987689,0.537592163,0,0.324628172,0.883646612,1.320370135,0.666230851,0.351452939,0.752187556,3.047672477,0.941903722,0.513233921,2.078611289,1.113913825,1.466024244,1.106665069,0.982148198,1.158792695,0,2.696861696,0.424382408,1.156928079,2.130796232,0.573838143,0,1.82562187,2.764410729,0.603812004,0.631417874,1.435181761,0,1.522004498,0.560205381,0.223953738,1.267895031,0.768228489,1.164498004,0.669670518,0.980190421,0.863007881,0.22968971,0.707616799,0.316068083,1.685654279,0.336582651,0.658444095,0.431435562,0.770194732,0.279053485,0.538486117,1.49174384,0.219007995,0,1.344464188,1.098195166,0,0.730481624
15.82555556,0,0,0,0,0,0,0,0,0,0,0,0.386091265,0.249145386,0,0,0,0,0,0,0,0.277641798,0,0,0,0,0,0,0,0,0,0,0,0,0.095027953,0,0,0,0,0,0,0,0,0,0,0,0.208759189,0,0,0,0,0,0,0.216794248,0,0,0,0,0,0,0,0,0,0.337603667,0,0,0,0,0.087083381,0,0,0,0,0,0,0.13075716,0,0,0,0,0,0,0
15.865,0,0,0,0,0,0,0,0,0,0,0,0,0,0,0,0,0,0,0,0,0.302882978,0,0,0,0,0,0,0,0.208148768,0,0,0,0,0,0,0,0,0,0,0,0,0,0,0,0,0,0,0,0,0,0,0,0,0,0,0,0,0,0,0,0,0,0.21254428,0,0,0,0,0.099229629,0,0,0,0,0,0,0,0,0,0,0,0,0,0
16.1575,0,0,0,0,0,0,0,0,0,0,0,0,0,0,0,0,0,0.107699931,0,0,0,0,0,0,0,0,0,0,0,0,0,0,0.230086174,0,0,0,0,0,0,0,0.404749553,0,0,0,0,0,0,0,0,0,0,0,0,0,0,0,0,0,0,0,0,0,0,0,0,0,0,0,0,0,0,0,0,0.079985287,0,0,0,0,0,0,0,0
16.20714286,0,0,0,0,0,0,0,0,0,0,0,0,0,0,0,0,0,0,0,0,0.453266247,0,0,0.105164207,0,0,0,0,0,0,0,0,0.418408582,0,0,0,0,0,0,0,0,0,0,0,0,0.220828018,0,0,0,0,0,0,0,0,0,0,0,0,0,0,0,0,0.441113264,0,0,0,0,0.168094533,0,0,0,0,0,0.260108971,0,0,0,0,0,0,0,0
16.2865,0,0,0,0,0.720084299,0,0.956011556,0.460963467,1.289567809,0,0,1.102433771,0.943690867,0.750638907,0,0,0,0.211119607,0,0.724062168,1.065091931,0.949264748,0.768698391,0.294059436,0,0.871390676,0.720361281,0,0,0,0,0,0.535778613,0.319601786,0,0.482374913,0,0.832711635,0,0,0,0.550273518,0.965387975,0,0,0.656303825,0,0,0.866419197,0,0,0.711866366,0.712580655,0.76817377,1.01846247,0,0.370096212,0,0.312785289,0,0.764120011,1.538459465,1.134239559,0.998799186,1.013407623,0,0.832596579,0.428576557,0,0,0,0,0,0.280372539,0.330880251,0,0.211729652,0,0.96174346,0,0,0
16.3974359,1.276480674,1.679993859,2.488403682,0,2.158788652,2.349430602,2.255520465,0,0,2.371866609,2.012615719,0,0,2.161633939,0,0,0,0,0,1.762125505,1.906299778,0,1.854928803,1.102743742,0,2.48944491,2.220197977,0,0,0,0,0,1.112172023,0,0,0,0,0,2.100168881,2.498141732,0,1.223735209,1.905658659,1.852671419,0,0,2.273221594,2.47380789,0,0,2.537558132,1.249452461,0,0,2.002643312,0,0.636973238,0.584557408,0,0,1.792665076,2.166395655,0,2.362847138,2.180057493,0,2.035372902,1.138286661,0,0,0.773196794,0,0,0,0,0,0,0,1.607112484,1.71256961,1.973538686,0.589900203
16.43,0,0,0,0,0,0,0,0,0,0,0,0,0,0,0,0,0,0,0,0,0,0,0,0,0,0,0,0,0,0,0,0,0,0,0,0.437457317,0,0,0,0,0,0,0,0,0,0,0,0,0,0,0,0,0,0,0,0,0,0,0,0,0,0,0,0,0,0,0,0,0,0,0,0,0,0,0,0,0.24314279,0,0,0,0,0
16.71571429,0,0,0,0,0,0,0,0,0,0,0,0,0,0,0,0,0,0,0,0.638329266,0.817343441,0,0.851648059,0.294923899,0,0,0.521967343,0,0,0,0,0,0,0,0,0,0,0,0,0,1.920082257,0,0.816220908,0,0,0,0,0,0,0,0,0,0,0,0,0,0,0,0,0,0,0.932875264,0,0.993600258,0,0.338491308,0.884304646,0.292840949,0,0,0,0,0,0,0,0,0,0,1.120176389,0,0,0.826546144
16.85142857,0,0,0,0,0,0,0,0,0,0,0,0,0,0,0,0,0,0,0,0,0,0,0,0.154183095,0,0.456022978,0.457055786,0,0,0,0,0,0,0,0,0,0,0,0,0,0,0,0.37243277,0,0,0,0,0,0,0,0,0,0,0,0,0,0,0,0,0,0,0.581563613,0,0.507283994,0,0,0.493744643,0,0,0,0,0,0,0,0,0,0,0,0,0,0,0
16.97470588,0,0,0,0,0,0,0,0.166510956,0,0,0,0,0,0,0,0,0,0,0,0.474712235,0.622288162,0,0,0.16823251,0,0.559526608,0.552841184,0,0,0,0,0,0.202963717,0,0,0,0,0,0,0,0,0,0.507993511,0,0,0,0,0,0.332329357,0,0,0,0,0.334846933,0,0,0,0,0.127934242,0,0,0.747888817,0,0.599072596,0.742137324,0,0.646268296,0.239926164,0,0,0,0,0,0,0,0,0,0,0.736548904,0,0,0
17.325,0,0,0,0,0,0,0,0,0,0,0,1.531189317,0,0,0,0,0,0,0,0.482263051,0.399589386,0,0,0,0,0,0.441250925,0,0,0.479561427,0,0.867629214,0,0,0,1.078206971,0,0.53351818,0,0,0,0,0,0,0,0.762859461,0,0,0.909854072,0,0,0,1.306834982,1.062266988,0,0,0,0,0.524039781,0,0,0,0,0,0,0,0.574135251,0.197906994,0,0,0,0.377575713,1.09954424,2.500602815,1.158742443,0,0,0,0,0,0,0.354788183
17.40942623,0,0.870615087,2.170811881,0,1.214243215,0,1.403673454,0.702318199,1.684335213,0,2.098670428,1.821768766,0,1.130914682,0.356378955,0.924315578,0,0,0,0.937829431,0.848661766,1.452495828,2.02387024,0.417787238,0.723713441,1.053476822,0.910138383,0,0.258923911,0.806590209,1.246006193,0.718088539,0.40653173,1.020815023,2.596205002,1.117120261,0,2.508127409,0,0,0.860082708,0.882226677,1.000488223,0,2.479987949,0.818466701,0,1.962386243,1.022105416,0,2.172808049,2.972605017,1.235829329,1.217917238,0,0,1.782018272,0.515496761,0.463904648,1.860623703,0.87718437,1.152660609,1.189307254,1.102263958,1.086651843,0.248654858,1.004754972,0.418719753,1.474775278,0,0.601725842,0.61501499,1.157447948,0,0.917718914,1.561282844,0.569302781,0,1.082264496,0,2.311485692,0.592721218
17.51333333,0,0,0,0,0,0,0,0,0,0,1.552481587,0,0,0,0,0,0,0,0,0,0,0,0,0,0,0,0,0,0.116558838,0,0,0,0,0,0,0,0,0,0,0,0,0,0.32663405,0,0,0,0,0,0,0,0,0,0,0,0,0,0,0,0,0,0,0,0,0,0,0,0,0,0,0,0,0,0,0,0,0,0,0,0,0,0,0
17.62533333,0,0.733178114,0,0,1.30488851,1.129806778,1.241294196,0,0,0,1.151699506,0,0,1.132460006,0,0,0,0,0,0.807303054,0.905686329,0,0.798326087,0,0,0,0.978100864,0,2.751102068,0,0,0,0,0,0,0.943071833,0,1.02105044,1.189292671,0,0,0.525712085,0,0,0,0.969338904,0,0,1.232240024,0,0,0.615547561,0.960566727,1.273739896,1.076051015,0,0,0,0.424273589,0,0.74146066,0,1.554293022,1.190554533,1.097549915,0,1.248250861,0.450070942,0,0,0,0,0,0,1.099977901,0,0,0,0,1.008022039,0,0
17.81857143,0.487404974,0,0,0,1.262663945,0,1.000158714,0,0,0,0,0,0,1.025855062,0,0,0,0,0,0,0,0,0,0,0,0,0,0,0,0,0,0,0,0,0,0,0,0,0,0,0,0,0,0,0,0,0,0,0.483109897,0,0,0,0,0,0,0,0,0.455973301,0,0,0,0,0,0,0,0,0,0,0,0,0,0,0,0,0,0,0,0,0.98542819,0,0,0
17.95647059,0,0,0,0,0.958005185,0,0,0,0,0,0.942790064,0,0,0.992783321,0,0,0,0,0,0.669745574,0.538386523,0,0.604468896,0.257675524,0,1.037588198,0.765384272,0,0,0,0,0,0,0,0,0,0,0,0,0,0,0,0.777217925,0,0,0,0,0,0,0,0,0.509805465,0,0,0,0,0,0,0,0,0.738795966,0.807837628,0,1.036383987,1.080829219,0,0.736432002,0.378901168,0,0,0,0,0,0,0,0,0,0,0,0,0,0
18.22411765,0,0.620033548,0,0,0,0,0,0.462365283,0,0,0.588996617,0,0.716944298,0,0.615982834,0,0,0,0,0,0.340102522,0.978904338,0,0.366636311,0.45244911,0,0.465908669,0,0.746875075,0.346479314,0.742157077,0,0,1.035180857,0,0.971991,0,0,0,0,0,0.514666105,0,0,0,0,0,0,0.846433991,0,0,0,0.662800534,0.826425082,0,0,0.346571917,0,0.478310141,0,0.558863684,0.546055343,0.608138492,0.550477865,0,0.227215554,0.535889984,0.256577423,0,0.31267612,0,0,1.015832412,0.736821399,0.695284062,0.585852538,0,0,1.014406392,0,0,0
18.295,0,0,0,0,0,0,0,0,0,0,0,2.008059553,0,0,0,0,0,0,0,0,0,0,0,0,0,0,0,0,0,0,0,0,0,0,0,1.814692809,0,1.745100274,0,0,0,0,0,0,0,1.501179444,0,0,0,0,0,0,1.411265964,0,0,0,0,0,1.133388781,0,0,0,0,0,0,0,0,0,0,0,0,0,0,0.752644808,1.02518714,0,0,0,0,0,0,0
18.71884615,0,0,0,0,0,0,0,0.355154165,1.021244877,0,0,0.872407586,0.496178841,0,0.337927118,0.375028519,0.288949039,0,0,0,0.312814731,0.995756276,0,0,0.474886184,0,0,0,0.389079288,0.313115697,0,0,0,0,0,0.710499069,0,0.389453154,0,0,0.787642914,0,0.375733046,0,0,0.421743863,0,0,0.756270645,0,0,0,0,0.882620985,0,0,0.467802546,0,0,0,0.756289582,0,0.676008354,0,0,0.405573974,0,0,0,0.422033764,0,0,0,0.230019496,0,0,0.305736509,0,0,0,0,0
18.844,0,0,0,0,0,0,0,0,0,0,0,0,0,0,0.783424753,0,0.627936009,0,0,0,0,0,0,0,0,0,0,0,0,0,0,0,0,0,0,0,0,0,0,0,1.009345863,0,0,0,0,0,0,0,1.931595677,0,0,0,0,0,0,0,0,0,0,0,0,0,0,0,0,0,0,0,0,0,0.812450497,0,0,0,0,0,0,0,0,0,0,0
19.05166667,0,0,0,0,0.934825496,0,0,0,0,0,0,0,0,0,0,0,0,0,0,0,0.387686449,0,0,0.281215869,0,0.773563661,0.76403823,0,0,0.283419374,0,0,1.339646392,0.451398148,0,0,0,0,0,0,0,0,0.619262172,0,0,0,1.254007539,0,0,0,0,0.399766953,0,0.740086218,0,0,0,0,0,0,0,0.58977978,0,0.681808688,0.804085232,0,0.94023557,0.342127552,0,0,0,0,0,1.361878835,0,0,0,0,0,0,0,0
19.14,0,0,0,0,0,0,0,0,0,0,0,0,0,0,0,0,0,0.092456473,0,0,0,0.416255416,0,0,0,0.819692237,0.802800527,0,0,0,0,0,0,0.127577371,0,0,0,0,0,0,0,0,0,0,0,0.198857903,0,0,0,0,0,0,0,0,0,0,0,0,0,0,0,0,0.311247506,0,0,0,0,0,0,0,0,0,0,0,0.166126514,0,0,0,0,0,0,0
19.20891892,0,0,0,0,1.081451281,0,0,0.853199234,1.436446328,0,0.79087608,0.893734961,1.185096094,0,0,0,0,0.240323461,0,0.98870315,0.757762965,1.34435306,0.669237853,0.602835457,0.28957691,1.12718184,0.987666207,0,0.083986028,0,0,0,1.260063092,0.388980968,0,0.400226853,0,0.552070525,0,0,1.244516273,0,1.03463711,0,0,0.77132591,0,0,1.097469419,0,0,0.62823068,0.957737753,1.154971021,0,0,0,0,0.359562368,0,0.516448291,0.979207453,1.244391674,1.21603778,1.372752041,0,1.072268595,0.748442119,0,0,0,0,0,0,0.462943846,0,0.228187337,0,0,0,0,0
19.52538462,0,0,0,2.109508313,0,0,1.931650602,0,0,0,0,0,0,0,1.897346227,2.159732288,1.967001599,1.972662448,2.622935384,0,0,0,1.005531906,0,2.119199869,1.535172057,0,1.893696761,1.24634693,1.948436892,1.360276892,2.122798421,1.646569349,0,0,0,1.829244666,0,0,2.685656274,1.913922452,0,0,0,1.822402288,0,0,0,0,0,0,0.946549235,0,0,1.867538974,1.868983929,1.926217984,2.049505719,1.971255049,2.018154605,1.861803606,0,0,1.48093407,0,2.077213509,0,0,1.580426155,1.893759699,2.019586361,1.11589143,1.985949867,0,0,1.725758486,0,2.159910068,0,1.947776316,0,1.728079512
19.57333333,0,0,0,0,0,0,0,0,0,0,0.480726694,0,0,0,0,0,0,0,0,0,0,0,0,0,0,0,0,0,0,0,0,0,0,0,0,0,0,0,0,0,0,0,0,0,0,0,0,0,0,0,0,0.192458355,0,0,0,0,0,0,0,0,0,0,0,0,0,0,0,0,0,0,0,0,0,0,0,0,0,0,0.38539836,0,0,0
19.6197619,0.953277367,1.267921362,0,0,0,0,0,0,0,0,0.905933378,0,0,0,0.74387673,1.026256321,0.683205213,0.846100194,0,1.16290519,0.640065422,0,0,0.801695202,1.067182586,0.58537421,1.307281485,0,0.353153366,0.798322065,0.89663485,0,1.055208397,0,0,0,1.012757231,0,0,0,1.156137665,0,0.676265908,0,0,0,0,0,0,1.75871895,0,0.465159529,0.899524605,0,0,0,0.930625397,1.248419836,0.924801011,0,0.811739121,0.856996624,0,0.656736824,0.688585034,0.730405671,1.043873047,0.807094047,0,0.563251011,0.789781879,0.46945517,1.476770116,0,1.612040362,0,0.787372935,1.003280022,0.986104116,0,0,0.662122234
19.66514286,0.893702927,1.068827588,0,0,1.578001324,1.216889347,1.650950265,0.785023406,0,0,1.085216001,1.157047708,1.075773866,1.480143911,0,0,0,0,0,0.963515107,0.736430585,1.263114954,0.988448717,0.640881847,0,1.15802217,1.135125578,0,0,0,0,0,0,0,0,0,0,0.808283684,0,0,0,0,0.824786522,0,0,0.754339745,2.016982501,1.460696151,0.995461087,0,0,0.499996007,0.870539299,1.028763946,0,0,0,0,0,0,0.764586506,0.824263413,1.284317576,0.94877655,1.081068192,0,1.052673298,0.67903734,0,0,0.454218463,0,0,0,0,0,0,0,0.976265286,0,0,0
19.72268293,1.608299276,2.197077169,2.45834408,4.143281264,2.704899318,2.448433098,2.474334202,1.481127212,3.178983351,2.701583743,2.192480999,1.848934008,2.123528253,2.353046526,3.790775572,4.011354585,3.821731111,3.590095107,3.477724302,1.863924255,1.600774299,2.408655778,1.621424814,1.289345987,4.00778927,2.567893326,2.201563899,3.312845021,2.989893301,3.816983827,1.925289035,2.442987091,2.36374913,1.628515343,2.095189822,2.629877534,3.307823534,1.353444649,2.956388969,3.369455145,3.460880611,1.313633177,1.96275036,2.582356567,3.279731614,1.614075923,2.688302852,2.460983853,1.957609046,3.550423534,2.451950267,1.50987261,1.708632145,2.1001326,2.368956691,3.851152183,3.747480313,3.878444706,3.74783912,2.376947879,3.230509927,1.840121622,2.316835596,2.167350095,2.114464694,4.101293119,2.343065925,1.418890922,3.100098154,3.967326853,3.822658439,2.075727759,2.472620908,2.351110692,1.678233707,2.572085872,2.325842952,3.554242036,1.840655077,2.095562272,2.756010673,3.463744246
19.86137931,0,0.912478262,0,0,0,0,0,0.399495311,0.923903585,0,0,0,0.569869919,0,0,0,0,0.845525226,0,0.72768548,0.325009229,0,0,0.502233523,0,0,0.755814696,0,0,0,0,0,0.51266202,0.595813236,0,0.840125902,0.812698168,0,0,0,1.19926542,0,0.506323395,0,0,0.500202258,0,0,0.589183856,0,0,0,0.663612205,0.814275642,0,0,0.980869553,1.179406765,0,0,0.400390171,0.54363763,0,0,0,0,0.642282481,0.557757515,0,0,0,0,0.932321374,0,0.818982103,0,0.566644323,0,1.248944945,0,0,0
19.97269231,0,0,0,0,0,0,0,0.416050198,0.761697792,0,0,0.627827091,0.746463499,0,0,0,0,0.421199644,0,0,0,0.916885298,0,0.251732243,0.307175801,0.711872309,0.625168578,0,0.510882227,0.49922556,0,0,0,0.368540367,0,0.550762879,0,0,0,0,0,0,0,0,0,0.460239262,0,0,0.575526312,0,0,0.394483292,0.657318338,0.697491608,0,0,0,0,0.62710338,0,0,0,0.765501033,0,0,0.438013045,0,0.263390772,0,0,0,0,0,0.222023466,0.363043346,0,0.325676469,0,0,0,0,0
20.025,0,0,0,0,0,0,0,0,0,0,0,0,0,0,0,0,0,0,0,0,0,0,0,0,0.227685174,0,0,0,0,0,0,0,0,0,0,0,0,0,0,0,0,0,0,0,0,0,0,0,0,0,0,0,0,0,0,0,0,0,0,0,0,0,0,0,0,0,0,0,0,0,0,0,0,0,0,0,0.167741884,0,0,0,0,0
20.18,0,0,0,0,0,0,0,0,0,0,0,0.231969627,0,0,0,0,0,0,0,0.573444363,0,0,0,0,0,0,0,0,0,0,0,0,0,0,0,0,0,0,0,0,0,0,0,0,0,0,0,0,0,0,0,0,0.342936741,0,0,0,0,0,0,0,0,0,0,0,0,0,0,0,0,0,0,0,0,0.347911877,0,0,0,0,0,0,0,0
20.25794118,0,0,0,0,0,0,0,0.344544601,0.567037276,0,0.603493906,0.418019278,1.114675636,0,0,0.483221456,0,0.204479325,0,0,0,0.564266055,0.879056163,0.13831977,0.250883816,0,0,0,0,0.450905675,0,0,0.324000447,0.474121368,1.253280206,0.474582608,0,1.972751126,0,0,0,0,0,0,1.738626873,0.279614198,0,1.145823839,0.494351496,0,0,2.360644053,0.375114832,0.397914391,0,0,0.993555929,0,0.252312002,1.957198176,0,0,0.489874089,0,0,0,0,0.131393564,0,0,0,0,0,0.327759811,0.491324545,1.423731886,0,0,0,0,2.132265222,0.767460122
20.361875,1.596596562,0.84991929,0,0,0,0,0,0.892823088,0,0,0,0,0.847684851,0,0,0,0.396085039,0.330785666,0,0.550205365,0,0.598436462,0,1.673147537,0,0,0.769375085,0,2.54527279,0.241550921,0,0,0.920703437,2.95819184,0,0.431236925,0.516967921,0,0,0,0.502750377,0,0,0,0,0.810806402,0,0,0.556567916,0,0,0,0.724866547,0.484874433,0,0,0,0.548503906,0.383890986,0,0,1.306728082,0.717847605,0,0,0,0,0.887397508,0,3.065015907,0,0,1.02058251,1.244600475,1.571340173,0,0.449258544,0.722061348,0,0,0,0
20.45466667,0,0,0,0,0,0,0,0,0.427153907,0,0,0.268198251,0.315392833,0,0,0,0.515455722,0.45154019,0,0,0,0,0,0.50298699,0,0,0,0,1.499475024,0,0,0,0,1.151585058,0,0,0.572987966,0,0,0,0,0,0,0,0,0,0,0,0,0,0,0,0.305587649,0,0,0,0,0,0.272037222,0,0,0,0.298781589,0,0,0,0,0,0,0,0,0,0.929317027,0,0.727147728,0,0.174494558,0,0,0,0,0
20.51086207,1.462951421,1.183978694,1.305802216,0,1.579039457,1.158815507,1.359023361,1.337654528,0,1.641658576,1.365125218,0.817772696,1.157420039,1.319077097,0.60171482,0.525775569,0,0,0,0.93671989,0.761595531,1.758360132,0.734379498,1.024311987,0.448965352,1.502726604,1.286565376,0,0,0.644372564,0.912645201,1.019535932,0.974269798,0.453789498,0,0,0,0.438124531,1.25316847,0,0.492810909,0.803701206,0.99391181,1.586466189,0,1.203104578,1.726765807,1.380702449,0.927478333,0,1.296969897,0.60273283,0.818732211,1.195650767,1.117193244,0,0,0.84127924,0.147563283,0,1.084238021,0.951357991,1.235681676,1.278308885,1.132627405,0,1.389384475,1.235935347,0,0,0.704422214,0.519737116,0,1.137088034,0.340414812,0,0.49337996,0,0.950341883,0,0,0.565374044
20.568,0,0.499507423,0,0,0.944404419,0,0,0,0,0,0,0.315597381,0.498446309,0,0,0,0,0,0,0.424706246,0.292459713,0.836122968,0,0,0,1.06145989,0.598124847,0,0,0,0,0,0.196920775,0,0,0,0,0,0,0,0,0,0.412296,0,0,0.307846984,0,0,0.520775375,0,0,0.324900024,0.305338374,0.52587706,0,0,0,0,0,0,0,0.401041576,0.518793787,0.520126542,0,0,0.597710294,0,0,0,0,0,0,0,0,0,0,0,0,0,0,0
20.8027027,0.903194071,1.353518908,0,0,0.876169387,0,0,0.926509747,0.760284382,0,0.645822329,0.885465393,1.290119535,0,0,0,0,0.194737556,0,0.537618722,0.888673575,1.71354404,0.757204038,0.513957535,0,1.189214053,0.818164542,0,0.114770876,0,0,0,0.2240409,0,0,0.407741707,0,0,0,0,0,0,0.596971073,0,0,0.851429317,1.314024945,0,1.37315213,0,0,0.441126597,0.945435128,1.37818927,0,0,0,0,0.324309566,0,0.459979062,1.204860709,1.498388949,0.76468605,0.951951079,0,1.424280236,0.532230663,0,0,0,0,0,0.210997518,0.364386811,0,0.259142831,0,0,0,0,0
20.84133333,0,0,0,0,1.277380326,0,0,0,0,0,0.753142814,0,0,0,0,0,0,0.092871981,0,0.839190595,0,0,0,0.775784125,0,1.018735291,0.834554009,0,0,0,0,0,0,0,0,0,0,0.875907212,0,0,0,0,0.872135391,0,0,0,1.049746701,0,0,0,0,0.614486802,0,0,0,0,0,0,0.208204626,0,0,0,0,0.64140518,0,0,0,0.474344646,0,0,0,0,0,0.105033565,0,0,0,0,0,0,0,0
21.00333333,0,0,0,0,0,0,0,0,0,0,0,0.20265495,0.314526074,0,0,0,0,0,0,0,0,0,0,0,0,0,0,0,0,0,0,0,0,0,0,0,0,0,0,0,0,0,0,0,0,0,0,0,0,0,0,0,0,0,0,0,0,0,0,0,0,0,0,0,0,0,0,0.073126685,0,0,0,0,0,0,0,0,0,0,0,0,0,0
21.09,0,0,0,0,0,0,0,1.225253107,0,0,0,0,0,0,0,0.480220151,0.36071868,0,0,0,0,1.323925193,0,0,0,0,0,0,0,0,0.522800977,0,2.175553739,1.521457815,0,0,0.524029479,0,0,0,0.44475088,0,0,0,0,0,0,0,0,0,0,0,0,0,0,0,0,0,0,0,0,0,0,0,0,0,0,0,0,0,0,0,0,0,0,0,1.115532504,0,0,0,0,0
21.12214286,1.443735563,0,0,0,0,0,0,0,0.700754647,0,1.036589748,0,1.008448462,0,0.44571124,0.702347723,0.675276495,0.833449959,0,0,0,0,0,1.318467364,0.493911098,1.248324585,0,0,0.344510757,0,0.713096626,1.121898113,0,0,0,0.513764153,0.703922016,0,0,0,0.932476878,0,1.413465008,1.720713655,0,1.022456056,1.355292081,1.615989992,0.80254802,0,2.002084555,0.475491652,0,1.165609976,0,0,0,1.062680675,0,0,0.784531272,1.142067346,1.155538901,0.72298459,0,0.890628792,1.226071503,1.353179024,0.89619406,0.810075023,0.706568439,0,1.813669406,0,1.727078032,0.905057041,0,0.669010406,1.01429589,0,0,0
21.21238095,0,0,0,0,0,0,0,0.335763606,1.127474549,0,0,0.487446595,0.37618224,0,0,0,0.584602746,0.55913448,0,0,0,0.560945896,0,0,0.537544522,0,0,0,0.28170025,0.620978391,0,0,0,0.530648446,0,0.538748003,0,0,0,0,0,0,0,0,0,0.275166072,0,0,0,0,0,0,0.447777022,0.435576146,0,0,0,0,0.386478929,0,0.693085562,0,0.374982274,0,0,0.472246206,0,0,0,0,0,0,0,0,0.765995063,0,0.554589401,0,0,0,0,0
21.34820513,0,0,0,1.931066896,0,0,0.970758309,0,1.450245682,0,1.109538575,0,0,1.14345145,1.417082833,1.75637555,1.69858098,1.660706346,1.72360987,0,0,0,0,0,1.706614316,1.029350564,0,1.52800044,0.985308511,1.711516209,0.994835656,1.123569293,0,0,0,1.127061858,1.490787963,0,0,0,1.422772499,0,0,0,1.233866582,0,0,0,0,1.919201093,0,0,0,0,0,1.620265403,1.346013373,1.712726881,1.475845263,1.246435765,1.634524572,0,0,0,0,1.700488135,0,0,1.120463831,1.424654895,1.524470072,0.735562284,1.163656941,0,0,0.692566535,1.082088899,1.832363729,0,1.459019066,0,1.287260196
21.405,0,0,0,1.804373591,0,0,0,0,1.558470757,0,0,0.586124548,0,0,1.490135355,1.779720223,1.785289619,1.702202714,1.538370109,0,0.33830705,0,0,0,1.757362283,0,0,1.412009994,1.079103989,1.71098859,0,0.974474526,1.140555329,0.956139062,0,1.030375514,1.477253398,0,0,0,1.358044301,0,0,0,1.157761159,0,0,0,0.380520185,1.980005522,0,0,0,0,0,1.57933353,1.31246879,1.687015252,1.580362921,0,0,0,0,0,0,1.771864658,0,0,0.996922203,1.584214019,1.58052667,0.813257942,1.363924887,2.207788928,1.189854358,0.607641413,1.019748098,1.759935295,0,0,0,1.265933499
21.49942857,0,0,0,0,1.333239633,0,0,0.791463123,1.156716386,0,0,1.638333383,1.35895612,0,0,0.878042815,0.525761486,0.472637044,0,0,0,0,0.770062368,0,0.626314808,0,0.462504378,0,0.182228551,0.808265653,0,0,0.421391645,0.743248061,0,0.575235911,0.833376204,1.693691865,0,0,1.473297289,0,0,0,1.592237239,0,0,1.297783027,0,0,0,1.956965461,0.980366778,0.624260209,0,0,1.017790684,0,0.475762721,2.190326682,0,0,0.754912759,0,0,0.403042621,0,0,0,0,0,0,0,0,1.030851073,1.455524077,0.480257529,0.675940487,0,0,2.263671419,1.518760652
21.52666667,0,0,0,0,0,0,0,0,0,0,0,0,0,0,0,0,0,0,0,0,0,0,0,0.355294042,0,0,0,0,0,0,0,0,0,0,0,0,0,0,0,0,0,0,0,0,0,0,0,0,0.582283335,0,0,0,0,0.369689286,0,0,0,0,0,0,0,0,0,0,0,0,0,0,0,0,0,0,0,0,0,0,0,0,0,0,0,0
21.57529412,0.926227041,0,1.446554077,0,1.705556918,1.201668357,0.965819941,0.941845348,0,1.53450944,0.996566901,0,1.328734967,1.179249761,0,0.541997452,0.539988873,0.536929633,0,1.052215976,0,1.75109883,0.762613801,0.748221654,0.517099272,1.45763234,1.057661943,0,0.18740706,0.559799963,0,0,0.946319738,0,0,0.283399326,0,0.620955149,1.542728268,2.007984838,0,0,0.945613459,0,0,1.177762694,1.495947315,1.505269076,1.076109132,0,1.350981697,0.706303093,0,0,0,0,0.553080685,1.133604105,0,0,1.869818325,0.861261297,1.373378001,0.897911109,1.160237033,0.519709507,1.096620747,0.917833626,0,0.331653069,0.862041823,0,0,1.276541504,0,0,0.312593601,0,0.629597394,0.746648207,0,0.514394335
21.82333333,0,0,0,0,0,0,0,0.226751198,0.681132476,0,0,0.450042529,0,0,0,0,0,0,0,0,0,0.398697432,0,0.256956556,0,0,0,0,0,0,0,0,0,0.274113865,0,0,0,0,0,0,0,0,0,0,0,0,0,0,0,0,0,0,0.43596589,0,0,0,0,0,0.240765475,0,0,0,0.353821935,0,0,0,0,0.341432698,0,0,0,0,0,0.254223654,0.487755973,0,0,0,0,0,0,0
21.90571429,0,0,0,0,0,0,0,0,0,0,0,0.229923543,0,0,0,0,0,0,0,0,0,0,0,0.105220205,0,0,0,0,0,0,0,0,0,0.148683169,0,0,0,0,0,0,0,0,0,0,0,0,0,0,0,0,0,0,0.245306204,0,0,0,0,0,0.095871163,0,0,0,0,0,0,0,0,0,0,0,0,0,0,0.332500545,0.200645665,0,0,0,0,0,0,0
22.11166667,0,0,0,0,0,0,0,0.270556377,0,0,0,0,0,0,0,0,0,0.28481355,0,0,0,0,0,0.346054261,0,0,0,0,0,0,0,0,0,0,0,0,0,0,0,0,0,0,0,0,0,0,0,0,0,0,0,0,0,0,0,0,0,0,0,0,0,0,0.355890226,0,0,0,0,0.37190562,0,0,0,0,0,0,0.57017774,0,0,0,0,0,0,0
22.16,0,0,0,0,0,0,0,0,0,0,0,0,0,0,0,0,0,0,0,0,0,0,0,0.466071893,0,0,0,0,0.967163916,0,0,0,0,1.354273387,0,0,0,0,0,0,0,0,0,0,0,0,0,0,0,0,0,0,0.342307045,0,0,0,0,0,0,0,0,0,0,0,0,0,0,0,0,0,0,0,0,0.292514801,0.269470751,0,0,0,0,0,0,0
22.262,0,0,0,0,0,0,0,0,0,0,0,0,0,0,0,0,0,0,0,0,0,0,0,0.148022991,0,0,0,0,0.242669492,0,0,0,0,0.199700576,0,0,0,0,0,0,0,0,0,0,0,0,0,0,0,0,0,0,0,0,0,0,0,0,0,0,0,0,0,0,0,0,0,0,0,0,0,0,0,0.114926031,0.170348993,0,0,0,0,0,0,0
22.35833333,0,0,0,0,0,0,0,0.209834972,0,0,0,0,0,0,0,0,0,0.107787883,0,0,0,0,0,0.391076007,0,0,0,0,0,0,0,0,0,0,0,0,0,0,0,0,0,0,0,0,0,0.105951127,0,0,0,0,0,0,0,0,0,0,0,0,0,0,0,0,0.214560498,0,0,0,0,0,0,0,0,0,0,0,0.342966334,0,0,0,0,0,0,0
22.38,0,0,0,0,0,0,0,0,0,0,0,0,0,0,0,0,0,0,0,0,0,0,0,0,0,0,0,0,0,0,0,0,0,0,0,0,0,0,0,0,0,0,0,0,0,0,0,0,0,0,0,0,0.128704009,0,0,0,0,0,0,0,0,0,0,0,0,0,0,0.308528226,0,0,0,0,0,0,0,0,0,0,0,0,0,0
22.424,0,0,0,0,0,0,0,0,0,0,0,0,0,0,0,0,0,0,0,0,0,0,0,0.864840938,0,0,0,0,1.909091664,0,0,0,0,1.523355399,0,0,0,0,0,0,0,0,0,0,0,0,0,0,0,0,0,0,0.141107154,0,0,0,0,0,0,0,0,0,0.206361003,0,0,0,0,0,0,0,0,0,0,0,0,0,0,0,0,0,0,0
22.55076923,1.028090378,0.698857646,0,0,0.965823626,0,0,0,0,0,0,0,0,0,0,0,0.425267578,0.449487166,0,0,0.287987137,0,0.769322932,0,0,1.015994342,1.253889023,0,0,0,0,0,0,0,0,0,0.554610353,0.711696191,0,0,0,0.788117593,1.055147113,0,0,0,0,0,0.959163757,0,0,0.325174435,1.029293467,0.768177173,0,0,0,0,0.29541742,1.000144942,0,0.314676597,0,0,1.112105646,0,0.761802054,0,0,0,0,0.500895593,0,0,0,0,0.383566987,0.69549047,1.030946158,0,0,0
22.59444444,0,0.76872002,0,0,0,0,0,0,0,0,0,0,1.067332377,0,0,0,0,0,0,0,0.468348065,0,0,1.211545876,0,0.692740855,0,0,0,0,0,0,0,0.455700286,0,0,0,0,0,0,0,0,0,0,0,0,0,0,0,0,0,0,0,0,0,0,0,0,0.094292605,0,0,0.57021727,0,0,0,0,0,0,0,0,0,0,0,0,0.608545234,0,0,0,0,0,0,0
22.62611111,0.699482113,0,0,0,0,0,0,0.246005692,0,0,0,0,0,0,0,0,0,0,0,0,0,0.345324454,0.640237109,0,0,0,0,0,0.253972224,0.262370121,0,0,0,0,0,0,0,1.484153602,0,0,0,0,0,0,1.108334359,0,0,0,0.497708742,0,0,1.550365064,0,0.671037168,0,0,0.643560321,0,0.126505152,2.072075114,0,0,0,0,0,0,0,0,0,0,0,0,0,0.557223011,0,1.14749055,0,0,0,0,1.903113512,1.334873489
22.7275,0,0,0,0,0,0,0,0.746427822,0.738300132,0,0,0.561489193,0.96534861,0,0,0,0,0,0,0,0,1.065844372,0,0.57797268,0,0,0,0,0,0,0,0,0.279831518,0.269686826,0,0,0,0,0,0,0,0,0,0,0,0.65337358,0,0,0.889153153,0,0,0,0,0.759964104,0,0,0,0,0,0,0,0,0.934771971,0,0,0,0,0,0,0,0,0,0,0,0,0,0,0,0,0,0,0
22.76894737,0,0,0,1.152933705,0,0,0,0.524367985,1.019667366,0,0,0.5313561,0.811331615,0,0.80957926,1.047009901,1.271453471,1.337721239,0,0,0,0.809172033,0,0,0.901379049,0,0,0.875375071,0.74972412,1.008058492,0,0,0,0.513301127,0,0.930577396,0.851231941,0,0,0,0.711658023,0,0,0,0.648392017,0.698577118,0,0,0.774027057,1.894445057,0,0,1.067409032,0.630374279,0,0.854616442,0.737769276,1.185007019,1.323152791,0,0,0,0.708867643,0,0,1.064955958,0,0.377444424,0,0.7205506,0.924171682,0,0,1.091190667,0.962742669,0,0.954556077,1.101449944,0,0,0,0.661288992
22.861,0,0,0,0,0,0,0,0.354555975,0,0,0,0,0.280157794,0,0,0,0,0.134655579,0,0,0,0,0,0.413718976,0,0,0,0,0.441870843,0,0,0,0,0.209810959,0,0,0,0,0,0,0,0,0,0,0,0,0,0,0,0,0,0,0,0,0,0,0,0,0,0,0,0,0.348136002,0,0,0,0,0.317650622,0,0,0,0,0,0.463921951,0.246677399,0,0,0,0,0,0,0
22.98714286,0,0,0,0,0,0,0,0.473516829,0,0,0,0,0.606333457,0,0,0,0,0.526038254,0,0,0,0.622033443,0,0.814094157,0,0,0,0,0,0,0,0,0.581631935,0.409119872,0,0,0,0,0,0,0,0,0,0,0,0.381493905,0,0,0,0,0,0,0,0,0,0,0,0,0.478025132,0,0,0,0.550430626,0,0,0,0,0.345145145,0,0,0,0,0,0.600832324,0.656625141,0,0.359195673,0,0,0,0,0
23.036,0,0,0,0,0,0,0,0,0,0,0,0,0.965091785,0,0,0,0,0,0,0,0,0.857943016,0,0,0,0,0,0,0.181859602,0,0,0,0,0,0,0,0,0,0,0,0,0,0,0,0,0,0,0,0,0,0,0,0.447848031,0,0,0,0,0,0,0,0,0,0.783476516,0,0,0,0,0,0,0,0,0,0,0,0,0,0,0,0,0,0,0
23.07416667,0,0,0,0,0,0,0,0.603248463,1.278952356,0,0,0.760322156,0,0,0,0,0,0.266150182,0,0,0,0,0,0,0,0,0,0,0,0,0,0,0,0.470075969,0,0,0,0,0,0,0,0,0,0,0,0.597464521,0,0,0,0,0,0,0.670220345,0,0,0,0,0,0.352665117,0,0,0,0,0,0,0,0,0.346521791,0,0,0,0,0,0.905820974,0.567934306,0,0.299457476,0,0,0,0,0
23.134,0,0,0,0,0,0,0,0.144253589,0,0,0,0.207105442,0,0,0,0,0,0.099299512,0,0,0,0,0,0,0,0,0,0,0,0,0,0,0,0,0,0,0,0,0,0,0,0,0,0,0,0.15534598,0,0,0,0,0,0,0.233391863,0,0,0,0,0,0,0,0,0,0,0,0,0,0,0,0,0,0,0,0,0,0,0,0,0,0,0,0,0
23.216,0,0,0,0,1.154816539,0,0,0,0,0,0,1.742194909,0,0,0,0.435499097,0,0,0,0,0,0,0,0,0,0,0,0,0,0,0,0,0,0,0,0,0,0,0,0,0.787601844,0,0,0,0,0,0,0,0,0,0,0,0.761228893,0,0,0,0,0,0,0,0,0,0,0,0,0,0,0,0,0,0,0,0,0,0,0,0,0,0,0,0,0
23.2525,0,0,0,0,0,0,0,0,0,0,0,0,0,0,0,0,0,0,0,0,0,0,0,1.318588875,0,0,0,0,2.175322015,0,0,0,0,1.863760846,0,0,0,0,0,0,0,0,0,0,0,0,0,0,0,0,0,0,0,0,0,0,0,0,0,0,0,0,0,0,0,0,0,0,0,0,0,0,0,0,0.361292506,0,0,0,0,0,0,0
23.39454545,0,0,0,0,0,0,0,0.355609731,0,0,0,0,0.332051202,0,0,0,0,0,0,0,0,0.495969068,0,0.873489374,0,0,0,0,0,0,0,0,0.259674917,0,0,0,0,0,0,0,0,0,0,0,0,0.311160532,0,0,0,0,0,0,0.773312091,0,0,0,0,0,0.252452679,0,0,0,0.300485389,0,0,0,0,0.444594665,0,0,0,0,0,0,0.667023015,0,0,0,0,0,0,0
23.44,0,0,0,0,0,0,0,0,0,0,0,0,0,0,0,0,0,0,0,0,0,0,0,0,0,0,0,0,0.731335035,0,0,0,0,1.122522368,0,0,0,0,0,0,0,0,0,0,0,0,0,0,0,0,0,0,0,0,0,0,0,0,0,0,0,0,0,0,0,0,0,0,0,0,0,0,0,0,0,0,0,0,0,0,0,0
23.51777778,0,0,0,0,0,0,0,0.326738612,0,0,0,0,0.296437577,0,0,0,0,0,0,0,0,0,0,1.41108801,0,0,0,0,2.464078585,0,0,0,0,1.794114154,0,0,0,0,0,0,0,0,0,0,0,0,0,0,0,0,0,0,0,0,0,0,0,0,0.143664085,0,0,0,0,0,0,0,0,0,0,0,0,0,0,0.169622399,0.52247389,0,0.169366806,0,0,0,0,0
23.68416667,0,0,0,0,0,0,0,0,0,0,0,0,0.722473362,0,0,0,0,0,0,0,0,0,0,0.132735283,0,0,0,0,0,0,0,0,0,0.183641016,0,0,0,1.211981339,0,0,0,0,0,0,0.858346308,0,0,0,0,0,0,1.089495238,0,0,0,0,0.261661768,0,0,1.795059182,0,0,0,0,0,0,0,0,0,0,0,0,0,0,0.117389993,1.025027269,0,0,0,0,1.619165964,1.534305327
23.8125,0,0,0,0,0,0,0,0.356890377,0,0,0,0,0,0,0,0,0,0,0,0,0,0,0,0.126154493,0,0,0,0,0,0,0,0,0,0,0,0,0,0,0,0,0,0,0,0,0,0,0,0,0,0,0,0,0,0,0,0,0,0,0,0,0,0,0,0,0,0,0,0.120743292,0,0,0,0,0,0,0.165348508,0,0,0,0,0,0,0
23.9,0,0,0,0,0,0,0,0,0,0,0,0,0,0,0,0,0,0,0,0,0,0,0,0.266509586,0,0,0,0,0,0,0,0,0,0,0,0,0,0,0,0,0,0,0,0,0,0,0,0,0,0,0,0,0,0,0,0,0,0,0,0,0,0,0,0,0,0,0,0.145562272,0,0,0,0,0,0,0.249544673,0,0,0,0,0,0,0
23.94,0,0,0,0,0,0,0,0,0,0,0,0,0,0,0,0,0,0,0,0,0,0,0,0,0,0,0,0,0,0,0,0,0,0,0,0,0,0,0,0,0,0,0,0,0,0,0,0,0,0,0,0,0,0,0,0,0,0,0,0,0,0,0,0,0,0,0,0.093835778,0,0,0,0,0,0.201078287,0,0,0,0,0,0,0,0
24.175,0,0,0,0,0,0,0,0,0,0,0,0,0,0,0,0,0,0.055407591,0,0,0,0,0,0,0,0,0,0,0,0,0,0,0,0,0,0,0,0,0,0,0,0,0,0,0,0,1.597527192,0,0,0,0,0,0,0,0,0,0,0,0,0,0,0,0,0,0,0,0,0,0,0,0,0,0,0,0,0,0,0,0,0,0,0
24.26,0.754455356,0,0,0,0,0,0,0.5244315,0,0,0,0,0.422672075,0,0.454253326,0.450447986,0.709265768,0.443999216,0,0,0,0.585685248,0,0.358295815,0.245651639,0,0,0,0.113258694,0.262449771,0.656886936,0,0.210144039,0.216798642,0,0,0.541969477,0,0,0,0,0,0,0,0,0.628111643,0,0,0,0,0,0,0.219476062,0.356544789,0,0,0,0,0.14308268,0,0,0,0.266217498,0,0,0,0,0.482506745,0,0,0,0.349264501,0,0.600355114,0.317191395,0,0.463232782,0,0,0,0,0
24.325,0,0,0,0,0,0,0,0.275524315,0,0,0,0,0.374072667,0,0,0,0,0.15736221,0,0,0,0,0,0.651580102,0,0,0,0,0,0,0,0,0,0.213010044,0,0,0,0,0,0,0,0,0,0,0,0,0,0,0,0,0,0,0,0,0,0,0,0,0,0,0,0,0,0,0,0,0,0.452075933,0,0,0,0,0,0.349525167,0.288196089,0,0,0,0,0,0,0
24.55375,0,0,0,0,0,0,0,0,0.502472969,0,0,0,0.258529867,0,0,0,0,0.268139372,0,0,0,0,0,0,0,0,0.476910831,0,0.073116855,0,0,0,0,0,0,0,0,0,0,0,0,0,0,0,0,0,0,0,0,0,0,0,0,0,0,0,0,0,0,0,0,0,0,0,0,0,0,0.118111018,0,0,0,0,0,0.38900372,0.234636885,0,0,0,0,0,0,0
24.59083333,0,0,0,0,0,0,0,0.365436066,0,0,0,0,0.323860978,0,0,0,0,0.207301097,0,0,0,0,0,0.416312425,0,0,0.771643786,0,0.317274205,0,0,0,0,0.47855238,0,0,0,0,0,0,0,0,0,0,0,0.53604256,0,0,0,0,0,0,0.164958069,0,0,0,0,0,0,0,0,0,0.180994946,0,0,0,0,0.152945588,0,0,0,0,0,0,0.298768949,0,0,0,0,0,0,0
24.63,0,0,0,0,0,0,0,0.56520055,1.088030369,0,0,0,0,0,0,0,0,0,0,0,0,0,0,0,0,0,0,0,0,0,0,0,0,0,0,0,0,0,0,0,0,0,0,0,0,0,0,0,0,0,0,0,0,0,0,0,0,0,0,0,0,0,0.260248472,0,0,0,0,0,0,0,0,0,0,0,0,0,0,0,0,0,0,0
24.66947368,0,0,0,0,0,0,0,0,0,0,0,0.7018775,1.07527882,0,0,0,0,0.557038771,0,0,0,0,0,0.361781853,0,0,0,0,0,0,0,0,0,0.46713979,0,0,0,1.073922772,0,0,0,0,0,0,0.638227688,0.606979152,0,0,0,0,0,0.725756153,0.370137744,0,0,0,0,0,0.6715544,1.47178547,0,0,0.313839795,0,0,0,0,0.290090825,0,0,0,0,0,0.474162628,0.574478959,0.775859278,0.441488312,0,0,0,0,1.385510548
24.72,0,0,0,0,0,0,0,0.125518955,0,0,0,0.49653955,0,0,0,0,0,0,0,0,0,0,0,0,0,0,0,0,0,0,0,0,0,0.190503172,0,0,0,0,0,0,0,0,0,0,0,0,0,0,0,0,0,0,0.352038259,0,0,0,0,0,0,0,0,0,0,0,0,0,0,0,0,0,0,0,0,0.200895931,0.232349063,0,0,0,0,0,0,0
24.7775,0,0,0,0,0,0,0,0,0,0,0,0,0,0,0,0,0,0.196526347,0,0,0,0,0,0,0,0,0,0,0,0,0,0,0,0.225303268,0,0,0,0,0,0,0,0,0,0,0,0,0,0,0,0,0,0,0,0,0,0,0,0,0,0,0,0,0,0,0,0,0,0,0,0,0,0,0,0.154028189,0.254570355,0,0,0,0,0,0,0
24.935,0,0,0,0,0,0,0,0.166517174,0,0,0,0,0,0,0,0,0,0,0,0,0,0,0,0,0,0,0,0,0,0,0,0,0,0,0,0,0,0,0,0,0,0,0,0,0,0,0,0,0,0,0,0,0,0,0,0,0,0,0.163314146,0,0,0,0,0,0,0,0,0,0,0,0,0,0,0,0,0,0,0,0,0,0,0
24.965,0,0,0,0,0,0,0,0,0,0,0,0,0,0,0,0,0,0.197406666,0,0,0,0,0,0,0,0,0,0,0,0,0,0,0,0.4640349,0,0,0,0,0,0,0,0,0,0,0,0.303000627,0,0,0,0,0,0,0.212758566,0,0,0,0,0,0,0,0,0,0,0,0,0,0,0,0,0,0,0,0,0,0,0,0,0,0,0,0,0
25.00285714,0,0,0,0,0,0,0,0.290686257,0,0,0,0.592917278,0,0,0,0,0,0.151977966,0,0,0,0,0,0.097418276,0,0,0,0,0,0,0,0,0,0,0,0,0,0,0,0,0,0,0,0,0,0,0,0,0,0,0,0,0.252237337,0,0,0,0,0,0,0,0,0,0,0,0,0,0,0,0,0,0,0,0,0.169672667,0.373137327,0,0,0,0,0,0,0
25.065,0,0,0,0,0,0,0,0,0,0,0,0,0,0,0,0,0,0,0,0,0,0,0,0.207173358,0,0,0,0,0,0,0,0,0,0,0,0,0,0,0,0,0,0,0,0,0,0.210169247,0,0,0,0,0,0,0,0,0,0,0,0,0,0,0,0,0,0,0,0,0,0,0,0,0,0,0,0.18042979,0.31914991,0,0,0,0,0,0,0
25.165,0,0,0,0,0,0,0,0,0,0,0,0,0,0,0,0,0,0,0,0,0,0,0,0,0,0,0,0,0,0,0,0,0,0.179782599,0,0,0,0,0,0,0,0,0,0,0,0.294380559,0,0,0,0,0,0,0,0,0,0,0,0,0,0,0,0,0,0,0,0,0,0,0,0,0,0,0,0,0,0,0,0,0,0,0,0
25.315,0,0,0,0,0,0,0,0.327509623,0,0,0,0,0,0,0,0,0,0,0,0,0,0,0,0,0,0,0,0,0,0,0,0,0,0,0,0,0,0,0,0,0,0,0,0,0,0.336341331,0,0,0,0,0,0,0,0,0,0,0,0,0,0,0,0,0,0,0,0,0,0,0,0,0,0,0,0,0,0,0,0,0,0,0,0
25.355,0,0,0,0,0,0,0,0,0,0,0,0,0,0,0,0,0,0.077345964,0,0,0,0,0,0.166878442,0,0,0,0,0,0,0,0,0,0.102187047,0,0,0,0,0,0,0,0,0,0,0,0,0,0,0,0,0,0,0,0,0,0,0,0,0,0,0,0,0,0,0,0,0,0,0,0,0,0,0,0,0.104166465,0,0,0,0,0,0,0
25.445,0,0,0,0,0,0,0,0,0,0,0,0,0,0,0,0,0,0,0,0,0,0,0,0.240574306,0,0,0,0,0,0,0,0,0,0,0,0,0,0,0,0,0,0,0,0,0,0.269394167,0,0,0,0,0,0,0,0,0,0,0,0,0,0,0,0,0,0,0,0,0,0.163329362,0,0,0,0,0,0,0.117604681,0,0,0,0,0,0,0
25.75,0,0,0,0,0,0,0,0,0,0,0,0,0,0,0,0,0,0,0,0,0,0,0,0,0,0,0,0,0,0,0,0,0,0,0,0,0,0,0,0,0,0,0,0,0,0,0,0,0,0,0,0,0.135430909,0,0,0,0,0,0,0,0,0,0.250685312,0,0,0,0,0,0,0,0,0,0,0,0,0,0,0,0,0,0,0
25.8425,0,0,0,0,0,0,0,0,0,0,0,0,0.51146054,0,0.446865729,0,0,0,0,0,0,0,0,0.262797243,0,0,0,0,0,0,0,0,0,0.101883236,0,0,0,0,0,0,0,0,0,0,0,0.293665524,0,0,0,0,0,0,0,0,0,1.422332139,0,0,0,0,0,0,0,0,0,0,0,0.197281203,0,0,0,0,0,0,0,0,0,0,0,0,0,0.566124833
25.925,0,0,0,0,0,0,0,0.232626438,0,0,0,0,0.620537685,0,0,0,0,0,0,0,0,0,0,0.742704454,0,0,0,0,0,0,0,0,0,0,0,0,0,0,0,0,0,0,0,0,0,0.325286756,0,0,0,0,0,0,0,0,0,0,0,0,0,0,0,0,0,0,0,0,0,0,0,0,0,0,0,0,0,0,0,0,0,0,0,0
26.054,0,0,0,0,0,0,0,0.258608376,0,0,0,0,0,0,0,0,0,0.104593201,0,0,0,0,0,0.400000738,0,0,0,0,0,0,0,0,0,0,0,0,0,0,0,0,0,0,0,0,0,0,0,0,0,0,0,0,0,0,0,0,0,0,0,0,0,0,0,0,0,0,0,0.235720418,0,0,0,0,0,0,0.155916565,0,0,0,0,0,0,0
26.15,0,0,0,0,0,0,0,0,0,0,0,0,0,0,0,0,0,0,0,0,0,0,0,0.220840064,0,0,0,0,0,0,0,0,0,0,0,0,0,0,0,0,0,0,0,0,0,0.708130117,0,0,0,0,0,0,0,0,0,0,0,0,0,0,0,0,0,0,0,0,0,0,0,0,0,0,0,0,0,0,0,0,0,0,0,0
26.1875,0,0,0,0,0,0,0,0.635648778,0,0,0,0,0,0,0,0,0,0.235595591,0,0,0,0,0,0.110366965,0,0,0,0,0,0,0,0,0,0,0,0,0,0,0,0,0,0,0,0,0,0,0,0,0,0,0,0,0,0,0,0,0,0,0,0,0,0,0,0,0,0,0,0,0,0,0,0,0,0,0,0.874463071,0,0,0,0,0,0
26.32,0,0,0,0,0,0,0,0.304275331,0,0,0,0,0,0,0,0,0,0.25466491,0,0,0,0,0,0,0,0,0,0,0,0,0,0,0,0,0,0,0,0,0,0,0,0,0,0,0,0.280428241,0,0,0,0,0,0,0,0,0,0,0,0,0,0,0,0,0,0,0,0,0,0,0,0,0,0,0,0,0,0,0.245429655,0,0,0,0,0
26.344,0,0,0,0,0,0,0,0,0,0,0,0,0,0,0,0,0,0,0,0,0,0,0,0.362237704,0,0,0,0,0,0,0,0,0,0,0,0,0,0,0,0,0,0,0,0,0,0,0,0,0,0,0,0,0.236244494,0,0,0,0,0,0.177180792,0,0,0,0,0,0,0,0,0.142420683,0,0,0,0,0,0,0.192394086,0,0,0,0,0,0,0
26.509,0,0,0,0,0,0,0,0.473835424,0,0,0,0,0.420965412,0,0,0,0,0.137679983,0,0,0,0.335559693,0,0.188211786,0,0,0,0,0,0,0,0,0,0,0,0,0,0,0,0,0,0,0,0,0,0.251428364,0,0,0,0,0,0,0.409420688,0,0,0,0,0,0,0,0,0,0.221697068,0,0,0,0,0.311583572,0,0,0,0,0,0,0.107868435,0,0,0,0,0,0,0
26.78859155,2.759917359,2.179580492,0,2.656643337,0,0,2.306852601,3.799041925,0,3.109058586,2.447375883,1.05499244,1.842019352,2.632527797,3.332346878,1.374971022,2.338556137,2.998787787,1.988324506,1.509044619,0.834972986,2.864681137,3.129307317,1.169964499,0.611167957,1.035818911,0.889894084,3.658563405,1.251737043,0.910970097,3.864600587,2.647692486,0,1.417663618,2.894780784,2.805088219,3.499159561,2.3425864,0,0,2.022494152,3.856113204,2.270758692,2.96314412,2.224787257,3.02618563,2.378720674,2.24848466,2.731877492,3.059765103,2.910582306,1.896107855,1.631636021,3.498330013,2.56197958,2.532661782,0,0.473753981,1.49925104,3.145718698,0,1.16113196,2.319424906,2.003906694,2.596751461,1.938885297,2.102899449,3.386785641,3.786262899,0,1.928856008,4.233518958,2.650776458,0.237777192,1.445350945,3.256986549,4.016765788,2.994262154,2.853500693,2.722258848,0,1.442108107
26.865,0,0,0,0,0,0,0,0,0,0,0,0,0,0,0,0,0,0,0,0,0,0,0,0,0,0,0,0,0,0,0,0,0,0,0,0,0,0,0,0,0,0,0,0,0,0,0,0,0,0,0,0,0,0,0,0,0,0,0,0.98129838,0,0,0,0,0,0,0,0,0,0,0,0,0,0,0,0,0,0,0,0,0,0.925819601
26.91857143,0,0,0,0,0,0,0,0,0,0,0,0,0,0,0,0,0.279147781,0,0,0,0,0,0.683407125,0.218282363,0,0,0,0,0.151030836,0,1.250732389,0,0,0,0,0,0,0,0,0,0,0,0,0,0,0,0,0,0,0,0,0,0,0.497845035,0,0,0,0,0,0,0,0,0,0,0,0,0,0,0,0,0,0,0,0,0.221389297,0,0,0,0,0,0,0
26.97666667,0,0,0,0,0,0,0,0,0,0,0,0,0,0,0,0,0.15435651,0.105373478,0,0,0,0,0,0,0,0,0,0,0,0,0,0,0,0,0,0,0,0,0,0,0,0,0,0,0,0.193411769,0,0,0,0,0,0,0,0,0,0,0,0,0,0,0,0,0,0,0,0,0,0,0,0,0,0,0,0,0,0,0,0,0,0,0,0
27.04857143,0,0,0,0,0,0,0,0.369708743,0,0,0,0,0,0,0,0,0.478590418,0.233308222,0,0,0,0,0,0,0,0,0,0,0,0,0,0,0,0,0,0,0,0,0,0,0,0,0,0,0,0.400725502,0,0,0,0,0,0,0,0,0,0,0,0,0,0,0,0,0,0,0,0,0,0.202633958,0,0,0,0.474045706,0,0,0,0,0.230072253,0,0,0,0,0
27.08333333,0,0,0,0,0,0,0,0,0,0,0,0,0,0,0,0,0,0.219107122,0,0,0,0,0,0,0,0,0,0,0,0,0,0,0,0,0,0,0,0,0,0,0,0,0,0,0,0,0,0,0,0,0,0,0,0,0,0,0,0,0,0,0,0,0,0,0,0,0,0.14823252,0,0,0,0,0,0,0,0,0.30792829,0,0,0,0,0
27.21666667,0,0,0,0,0,0,0,0.399539072,0,0,0,0,0,0,0,0,0,0.077858543,0,0,0,0,0,0,0,0,0,0,0,0,0,0,0,0,0,0,0,0,0,0,0,0,0,0,0,0.139722287,0,0,0,0,0,0,0,0,0,0,0,0,0,0,0,0,0,0,0,0,0,0,0,0,0,0,0,0,0,0,0,0,0,0,0,0
27.68736842,0,1.114496202,0,0,0,1.404370528,0,0.69256435,0,0,0,0,1.131416095,0,0,0,0,0.400479542,0,0,0.416437053,0.904650979,0,0.962223452,0,0,0,0,0,0,0,0,0,0.35749687,0,0,0,0,0,0,0,0,0,0,0,0.955224151,0,0,0.617202182,0,0,0,0.327935463,0.537673126,0,0,0,0,0.425356858,0,0,0,0.796368305,0,0,0,0,0.32028708,0,0,0,0,0,0.228600891,0.292124087,0,0.599538394,0,0,0,0,0
27.772,0,0,0,0,0,0,0,0.343036355,0,0,0,0,0,0,0,0,0,0,0,0,0,0,0,0,0,0,0,0,0,0,0,0,0.374190198,0,0,0,0,0,0,0,0,0,0,0,0,0,0,0,0,0,0,0,0,0,0,0,0,0,0,0,0,0,0,0,0,0,0,0.260478108,0,0,0,0,0,0.229549703,0.179829681,0,0,0,0,0,0,0
28.00727273,0,0,0,0,0,0,0,0.737209897,0,0,0,0,0,0,0,0,0,0.470711386,0,0,0,0.644336802,0,0.339159428,0,0,0,0,0.321582148,0,0,0,0,0.527909258,0,0,0,0,0,0,0,0,0,0,0,0.711656872,0,0,0,0,0,0,0,0,0,0,0,0,0,0,0,0,0.447836391,0,0,0,0,1.712659993,0,0,0,0.460113064,0,0,0,0,0.795342624,0,0,0,0,0
28.035,0,0,0,0,0,0,0,0,0,0,0,0,0,0,0,0,0,0,0,0,0,0,0,0,0,0,0,0,0,0,0,0,0.386662323,0,0,0,0,0,0,0,0,0,0,0,0,0,0,0,0,0,0,0,0,0,0,0,0,0,0,0,0,0,0,0,0,0,0,0,0,0,0,0,0,0.57983449,0,0,0,0,0,0,0,0
28.154,0,0,0,0,0,0,0,0.425574532,0,0,0,0,0,0,0,0,0.427716317,0.291430986,0,0,0,0,0,0,0,0,0,0,0,0,0,0,0,0,0,0,0,0,0,0,0,0,0,0,0,0.34322224,0,0,0,0,0,0,0,0,0,0,0,0,0,0,0,0,0,0,0,0,0,0,0,0,0,0,0,0,0,0,0.467801016,0,0,0,0,0
28.34,0,0,0,0,0,0,0,0.534995122,0,0,0,0,0,0,0,0,0,0.338245388,0,0,0,0,0,0,0,0,0,0,0,0,0,0,0,0,0,0,0,0,0,0,0,0,0,0,0,0.435230635,0,0,0,0,0,0,0,0,0,0,0,0,0,0,0,0,0,0,0,0,0,0,0,0,0,0,0,0,0,0,0,0,0,0,0,0
28.76285714,0,0,0,0,0,0,0,0.440860355,0,0,0,0,0,0,0,0,0.343963066,0.430265059,0,0,0,0,0,0,0,0,0,0,0,0,0,0,0,0.526286415,0,0,0,0,0,0,0,0,0,0,0,0.351995268,0,0,0,0,0,0,0,0,0,0,0,0,0,0,0,0,0,0,0,0,0,0.164679425,0,0,0,0.385220784,0,0,0,0,0,0,0,0,0,0
28.85,0,0,0,0,0,0,0,0.39401247,0,0,0,0,0,0,0,0,0,0,0,0,0,0,0,0,0,0,0,0,0,0,0,0,0,0,0,0,0,0,0,0,0,0,0,0,0,0.215771279,0,0,0,0,0,0,0,0,0,0,0,0,0,0,0,0,0,0,0,0,0,0,0,0,0,0,0,0,0,0,0.388362177,0,0,0,0,0
29.02866667,0,0,0,0,0,0,0,0.774039689,0,0,0,0,0,0,0,0,0,0.423997088,0,0,0,0.543981469,0,0.325924502,0,0,0,0,0,0,1.382013714,0,0,0.438769574,0,0,0,0,0,0,0,0,0,0,0,0.539457385,0,0,0,0,0,0,0.47555181,0.684242683,0,0,0,0,0,0,0,0,0.405324847,0,0,0,0,0.234468931,0,0,0,0.446159338,0,0.492218936,0.388183247,0,0.815041403,0,0,0,0,0
30.6275,0,0,0,0,0,0,0,0.335818334,0,0,0,0,0,0,0,0,0,0.182254518,0,0,0,0,0,0,0,0,0,0,0,0,0,0,0,0,0,0,0,0,0,0,0,0,0,0,0,0.3550228,0,0,0,0,0,0,0,0,0,0,0,0,0,0,0,0,0.386675334,0,0,0,0,0,0,0,0,0,0,0,0,0,0,0,0,0,0,0
30.80365385,1.850067678,0,2.083419852,0,0,0,0,1.651943771,0,0,0,0,1.270593886,1.590837532,1.04952748,0.848173742,0.709112849,1.374508208,0,1.346576295,1.081576359,1.948032877,0,1.345332379,1.816200007,1.071839635,0.774372002,1.660012576,0.894553875,1.52416477,1.992113555,1.937255897,2.557651708,1.31588288,1.727634235,1.173998454,1.823988798,0,0,0,1.207194025,0,0,0,1.117400363,1.220227003,0,2.054082593,0.852242868,0,0,0,0,0.811233013,0,1.371749662,0.962055895,0.612686974,1.075049279,0,1.424720047,1.155526766,0.828387844,0,0,0.924972356,0.991591275,1.019808967,0,1.45248571,1.671861095,1.455353543,1.87343935,2.791978046,1.498902038,1.315611553,2.329507166,1.365791622,0,0,0,1.326257938
30.84333333,0,0,0,0,0,0,0,0,0,0,0,0,0,0,0,0,0,0,0,0,0,0,0,0,0,0,0,0,0,0,0,0,0,0,0,0,0,0,0,0,0,0,0,0,0,0,0,0,0,0,0,0,0.720379822,0,0,0,0,0.753815868,0,1.475880972,0,0,0,0,0,0,0,0,0,0,0,0,0,0,0,0,0,0,0,0,0,0
30.88333333,0,0,0,0,0,0,0,0,0,0,0,0,0,0,0,0,0.263407668,0,0,0,0,0,0,0,0,0,0,0,0,0,0,0,0,0,0,0,0,0,0,0,0,0,0,0,0,0,0,0,0,0,0,0,0,0,0,0,0,0,0,0,0.759300819,0,0,0,0,0,0,0,0,0,0,0,0,0,0,0,0,0.858759305,0,0,0,0
31.1275,0,0,0,0,0,0,0,0,0,0,0,0,0,0,0,0,0,0.35998291,0,0,0,0,0,0.292793395,0,0,0,0,0,0,0,0,0.330838678,0,0,0,0,0,0,0,0,0,0,0,0,0,0,0,0,0,0,0,0,0,0,0,0,0,0,0,0,0,0,0,0,0,0,0.117663336,0,0,0,0,0,0,0,0,0,0,0,0,0,0
31.5425,0,0,0,0,0,0,1.225467315,0,0,0,0,0,0.491143925,0,0,0,0,0,0,0,0,0,0,0,0,0,0,0.832953382,0,0,0,0,0,0,0,0,0,0,0,0,0.630772979,0,0,0,0,0,0,0,0,0,0,0,0,0,0,0,0,0,0,0,0,0,0,0,0,0,0,0,0,0,0,0,0,0,0,0,0,0,0,0,0,0
31.61,0,0,0,0,0,0,0,0,0,0,0,0,0,0,0,0,0,0,0,0,0,0,0,0,0,0,0,0,0,0,0,1.229250432,0,0,0,0.573619598,0,0,0,0,0,0,0,0,0,0,0,0,0,0,0,0,0,0,0,0,0,0,0,0,0,0,0,0,0,0,0,0,0,0,0,0,0,0,0,0,0,0,0,0,0,0
31.64,0.604860373,0,0,0,0,0,0,0,0,0,0,0,0,0,0,0,0,0,0,0,0,0,0,0,0,0,0,0,0,0,0,0,0,0,0,0,0,0,0,0,0,0,0,0,0,0,0,0,0,0,0,0,0,0,0,0,0,0,0,0,0,0,0,0,0,0,0,0,0,0,0,0,0,0,0.162429774,0,0,0,0,0,0,0
32.61666667,0,0,0,0,0,0,0,0.391971273,0,0,0,0,0,0,0,0,1.442738821,0,0,0,0,0,0,0,0,0,0,0,0,0,0,0,0.587868552,0,0,0,0,0,0,0,0,0,0,0,0,0,0,0,0,0,0,0,0,0,0,0,0,0,0,0,0,0,0,0,0,0,0,0,0,0,0,0,0,0,0,0,0,0,0,0,0,0
33.63655172,2.650322966,0,0,0,0,2.437315961,0,0,0,1.966136673,1.778587669,0,0,0,0,1.489088799,0,0,0,2.205521531,1.62439435,0,1.197444181,2.505111843,1.056914947,0,1.536494507,0,0,1.505576194,0,2.047416015,1.185042165,0,0,1.797799974,0,0,0,0,0,1.936881167,0,2.737558779,0,0,0,0,1.522110566,0,0,0,0,0,1.981680691,0,1.188357809,0,1.478951152,1.515758435,0,0,0,0.772039191,0,0.533398929,0,1.782545559,0,0,0,0,0,1.244592625,1.960224209,0.823417376,0,1.787470372,0,0,0,0
33.664,0,2.087867384,0,0,0,0,0,0,0,0,0,0,0,0,0,0,0.848508525,0,0,0,0,0,0,0,0,0,0,0,0,0,0,0,0,0,0,0,0,0,0,0,0,0,0,0,0,0,0,0,0,0,0,0,1.4009018,0,0,0,0,0,0,0,0,0,0,0,0,0,0,0,0,0,0,0.391739542,0,0,0,0.601300242,0,0,0,0,0,0
34.11,0,0,0,0,0,0,0,0,0,0,0,0,0,0,0,0,0,0,0,0,0,0,0,0,0,0,0,0,0,0,0,0,0.247482204,0,0,0,0,0,0,0,0,0,0,0,0,0,0,0,0,0,0,0,0,0,0,0,0,0,0,0,0,0,0,0,0,0,0,0,0,0,0,0,0,0.288070899,0,0,0,0,0,0,0,0
34.26230769,1.30687292,0,0,0,0,0,0,0.692243762,0,0,0,0,0.528438479,0,0,0,1.346094564,0.697581913,0,1.679494416,1.006754884,0,0,1.291344856,0,0,0,0,0,0,0,0,0,0,0,0,0,0,0,0,0,0,0,0,0,0.327787027,0,0,0,0,0,0,0,0,0,0,0,0,0.467020446,0,0,0,0.40278387,0,0,0,0,0.716857114,0,0,0,0,0,0,0.838165948,0,0,0,0,0,0,0
34.2875,0,0,0,0,0,0,0,0,0,0,0,0,0.356221147,0,0,0,0,0,0,0,0,0,0,0,0,0,0,0,0,0,0,0,0,0,0,0,0,0,0,0,0,0,0,0,0,0.388905229,0,0,0,0,0,0,0.451544513,0,0,0,0,0,0,0,0,0,0,0,0,0,0,0,0,0,0,0,0,0.512767701,0,0,0,0,0,0,0,0
34.325,0,0,0,0,0,0,0,0,0,0,0,0,0,0,0,0,0,0,0,0,0,0,0,0,0,0,0,0,0,0,0,0,0.45845265,0,0,0,0,0,0,0,0,0,0,0,0,0,0,0,0,0,0,0,0,0,0,0,0,0,0,0,0,0,0,0,0,0,0,0,0,0,0,0,0,0,0,0,0.221402988,0,0,0,0,0
34.945,0,0,0,0,0,0,0,0,0,0,0,0,0,0,0,0,0,0,0,0,0,0,0,0,0,0,0,0,0,0,0,0,0,0,0,0,0,0,0,0,0,0,0,0,0,0,0,0,0,0,0,0,0,0,0,0,0,0.961113612,0,0,0,0,0,0,1.043596182,0,0,0,0,0,0,0,0,0,0,0,0,0,0,0,0,0
35.015,0,0,0,0,0,0,0,0,0,0,0,0,0,0,0,0,0,0,0,0,0,0,0,0,0,0,0,0,0,0,0,0,0,0,0,0,0,0,0,0,0,0,0,0,0,0,0,0,0,0,0,0,0,0,0,0,0,1.12772527,0,0,0,0,0,0,1.374240532,0,0,0,0,0,0,0,0,0,0,0,0,0,0,0,0,0
35.386,0,0,0,0,0,0,0,0,0,0,0,0,0,0,0,0,0.244705076,0.203790483,0,0,0,0,0,0,0,0,0,0,0,0,0,0,0,0,0,0,0,0,0,0,0,0,0,0,0,0.271032765,0,0,0,0,0,0,0,0,0,0,0,0,0,0,0,0,0,0,0,0,0,0.237969191,0,0,0,0,0,0,0.212644059,0,0,0,0,0,0,0
35.4325,0,0,0,0,0,0,0,0,0,0,0,0,0,0,0,0,0,0.129365038,0,0,0,0,0,0.784730139,0,0,0,0,0,0,0,0,0,0,0,0,0,0,0,0,0,0,0,0,0,0,0,0,0,0,0,0,0,0,0,0,0,0,0,0,0,0,0,0,0,0,0,0.1713129,0,0,0,0,0,0,0.407517458,0,0,0,0,0,0,0
36.111,0,0,0,0,0,0,0,0,0,0,0,0,0,0,0,1.247239321,0,0,1.122194345,0,0,0,0,2.144306572,0,0,1.283537671,0,0,0,0,0,0,0,0,0,0,0,0,0,0,0,1.394359733,0,0,0,0,0,0,0,0,0,0,0,0,0,0,0,0,0,0,0.962146165,0,0,0,0.212894615,0,0,0,0,0,0,0,0,0,0.994068459,0,1.626818839,2.282728943,0,0,0
36.235,0,0,0,0,0,0,0,0,0,0,0,0,0,0,0,0,0,0,0,0.630332914,0,0,0,0,0.472435094,0,0,0,0,0,0,0,0,0,0,0,0,0,0,0,0,0,0,0,0,0,0,0,0,0,0,0,0,0,0,0,0,0,0,0,0,0,0,0,0,0,0,0,0,0,0,0,0,0,0,0,0,0,0,0,0,0
36.28,0.698516889,0.91034495,0,0,0,0,0,0,0,0,0,0,0,0,0,0,0,0,0,0.59675092,0.337076342,0,0,0,0,0,0,0,0,0,0,0,0,0,0,0,0,0,0,0,0,0,0,0,0,0,0,0,0,0,0,0,0,0,0,0,0,0,0,0,0,0,0,0,0,0,0,0,0,0,0,0,0,0,0,0,0,0,0,0,0,0
36.91333333,0,0,0,0,0,1.432698022,0,0,0,0,0,0,0,0,0,0,0.628081492,0,1.977074983,0,1.212859815,0,0,0,0,0,0,0,0.42458325,1.226379911,0,0,0,0,0,0,0,0,0,0,0.734398845,0,1.168595889,0,0,0,1.12869857,2.226956007,0,0,0,0,0,1.124323291,0,0,0,0,0,0,0,0,0,0,0,0,0,0,0,0,0,0,1.473150086,0,0,0,0,0,0,0,0,0
36.94125,0,0,0,0,0,2.23493825,0,0,0,0,0,0,0,0,0,1.204369097,0.365125201,0,0,0,0,0,0,0,0,0,0,0,0,0,0,0,0.496839478,0,0,0,0.751658081,0,0,0,0.265494761,0,0,0,0,0,0,0,0,0,0,0,1.058262524,0,0,0,0,0.350617245,0,0,0,0,0,0,0,0,0,0,0,0,0,0,0,0,0,0,0,0,0,0,0,0
36.97166667,0,0,0,0,0,0,0,0,0,0,0,0,0.236235692,0,0,0,0,0,0,0,0.78982291,0.496641263,0,0,0,0,0,0,0,0,0,0,0,0,0,0,0,0,0,0,0.242613625,0,0,0,0,0,0,0,0,0,0,0,0,0,0,0,0,1.126976392,0,0,0,0,0,0,0,0,0,0,0,0,0,0,0,0,0,0,0,0,0.72765266,0,0,0
37.00818182,0,0.620040351,1.604211739,0,0,0,0,0.75274925,0,0,0,0,0,0,0,0,0,0,0,0,0,0.89415052,0,0,0.229293307,0,0,0,0,0.098788876,1.327570743,0,0,0,0,0.733067739,0.670840061,0,0,0,0.58917243,0,0,0,0,0,0,0,0,0,0,0,0,0,0,0,0,0,0,0,0,0,0,0,0,0,0,0,0,0,0,0,0,0,0,0,0,1.576788507,0,0,0,0
37.0488,0,1.101273625,1.774361165,0,0,0,0,0,0,0,0,0,0.797267908,0,0,0,0,1.012577596,1.961244999,1.411007253,0.47564248,0,0,0,0.590804347,0,0.936324968,0,0,0.293406805,0,0,0,0.548165971,0,0,0,0,0,0,0.621711562,0,0,0,1.302764251,0.955034599,0,0,0.886285452,0,0,0,0,0,0,0,0,0,0,0,1.115138785,1.21635336,0.524677324,0,1.55521635,0,0,0.849806855,0,0,1.367810355,0,0,0.478936884,1.128651216,0,0.548859623,0,1.63872988,0,0,0
37.07363636,1.726615832,0,0,0,0,0,0,0,0,0,0,0,0,0,0,0,0,0,0,0,0.531891014,0,0,1.56306013,0,0,0,0,0,0,0,1.370796054,0.554677736,0,0,0.374268237,0.924271911,0,0,0,0,0,0,0,0,0,2.110767107,0,0,0,0,0,0.742597272,0,0,0,0,0,0.76359054,0,0,0,0,0,0,0,0,0,0,0,0,0,0,0,0,0,0.287262765,0,0,0,0,0
37.10666667,0,0.783353112,0,0,0,0,0,0,0,0,0,0,0,0,0,0,0.562084298,0,0,0,0,0,0,0,0,0,0,0,0,0.599285088,0,0,0,0,0,0,0,0,0,0,0,0,0,0,0,0,0,0,0,0,0,0,0,0,0,0,0,0,0,0,0,0,0,0,0,0,0,0,0,0,0,0,0,0,0,0,0,0,0,0,0,0
37.56363636,0,2.476686251,0,0,1.384199217,0,0,0,0,0,0,0,0,0.976022558,0,0,0,0,0,2.361375856,1.995824436,0,1.306406163,0,0,0,1.68634482,0,0,1.615219009,0,1.972335551,0,0,0,1.905205808,0,0,0,0,0,1.950906428,0,0,0,1.623327536,0,0,0,0,0,0,1.577016549,0,1.971970903,0,1.645964244,0,1.584973399,0,0,0,0,0,0,0,0,1.845072075,0,0,0,1.056994174,0,1.186190924,2.001179343,0,0,0,0,1.908731697,0,1.048464228
37.6,0,0,0,0,0,0,0,0,0,0,0,0,0,0,0,0,0,0,0,0,0,0,0,0,0,0,0,0,0,0,0,0,0,0,0,0,0,0,0,0,0,0,0,0,0,0,0,0,0,0,0,0,0,0,0,0,0,0,0,0,0,0,0,0,0.867791711,0,0,0,0,0.532343336,0,0,0,0,0,0,0,0,0,0,0,0
38.5183871,2.603158123,2.283327452,0,1.678534526,0,2.691612692,0,0,0,0,1.912580563,0,0,1.245398063,0.984338209,0,1.114594906,0,0,2.311624709,0,0,1.394899751,2.522563851,0,0,1.636782978,1.024694764,0.501830246,0,0,1.730509923,0,0,0,0,1.399147322,0,0,2.002716743,0,1.861177829,1.742596259,3.154331615,0,0,0,0,1.646129573,0,2.798531956,0,0,0,1.946153292,0,1.400669813,1.839723735,1.474875172,0,0,0,0,0,0,0,0,1.850984274,0,0,0,0.770250016,0,1.205789651,2.032506112,0,0,0,0,0,0,1.180797484
38.54714286,0,0,0,0,0,0,0,0,0,0,0,0,0,0,0,0,0,0,0,0,1.854553732,0,0,0,0,0,0,0,0,1.499830888,0,0,1.318217341,0,0,0,0,0,0,0,0,0,0,0,0,0,0,0,0,0,0,0.419956146,1.440992751,0,1.327935437,0,0,0,0,0,0,0,0,0,0,0,0,0,0,0,0,0,0,0,0,0,0,0,0,1.859548604,0,0
42.72666667,0,0,0,0,0,0,0,0,0,0,0,0,0,0,0,0,0,0,0,0,0,0,0,0.873590592,0,0,0,0,0,0,0,0,0,0,0,0,0,0,0,0,0,0,0,0,0,0,0,0,0,0,0,0,0,0,0,0,0,0,0,0,0,0,0,0,0,0,0,0.366152891,0,0,0,0,0,0,0.553167385,0,0,0,0,0,0,0
