"","8.061111111","8.23","8.307142857","8.394","8.47375","8.516153846","8.545666667","8.904761905","8.99","9.26","9.693125","9.7","9.755306122","9.776","9.89","9.915","9.95","10.22","10.255","10.32285714","10.471875","10.59333333","10.692","10.75428571","11.04931818","11.13","11.23666667","11.81888889","11.84727273","11.955","12.39733333","12.455","12.66740741","12.72882353","12.79166667","13.12375","13.18133333","13.24","13.26172414","13.35666667","13.388","13.7290678","13.79738095","13.86416667","14.05666667","14.25","14.29833333","14.37","14.52461538","14.58888889","14.64409091","14.6988","15.11","15.20823529","15.2425","15.30333333","15.375625","15.45769231","15.538","15.62272727","15.695","15.74219178","15.82555556","15.865","16.1575","16.20714286","16.2865","16.3974359","16.43","16.71571429","16.85142857","16.97470588","17.325","17.40942623","17.51333333","17.62533333","17.81857143","17.95647059","18.22411765","18.295","18.71884615","18.844","19.05166667","19.14","19.20891892","19.52538462","19.57333333","19.6197619","19.66514286","19.72268293","19.86137931","19.97269231","20.025","20.18","20.25794118","20.361875","20.45466667","20.51086207","20.568","20.8027027","20.84133333","21.00333333","21.09","21.12214286","21.21238095","21.34820513","21.405","21.49942857","21.52666667","21.57529412","21.82333333","21.90571429","22.11166667","22.16","22.262","22.35833333","22.38","22.424","22.55076923","22.59444444","22.62611111","22.7275","22.76894737","22.861","22.98714286","23.036","23.07416667","23.134","23.216","23.2525","23.39454545","23.44","23.51777778","23.68416667","23.8125","23.9","23.94","24.175","24.26","24.325","24.55375","24.59083333","24.63","24.66947368","24.72","24.7775","24.935","24.965","25.00285714","25.065","25.165","25.315","25.355","25.445","25.75","25.8425","25.925","26.054","26.15","26.1875","26.32","26.344","26.509","26.78859155","26.865","26.91857143","26.97666667","27.04857143","27.08333333","27.21666667","27.68736842","27.772","28.00727273","28.035","28.154","28.34","28.76285714","28.85","29.02866667","30.6275","30.80365385","30.84333333","30.88333333","31.1275","31.5425","31.61","31.64","32.61666667","33.63655172","33.664","34.11","34.26230769","34.2875","34.325","34.945","35.015","35.386","35.4325","36.111","36.235","36.28","36.91333333","36.94125","36.97166667","37.00818182","37.0488","37.07363636","37.10666667","37.56363636","37.6","38.5183871","38.54714286","42.72666667"
"1",0,0,0,0,0,0.656209044,0,1.29607344,0.511533469,0,0,0,1.160380653,0,0,0,0,0,0,0,0,0,0,0,0,0,0,0.960073757,0,0,0,0,0,0,0,0,0,0,0,0,0,0.673418746,0,0.492099632,0,0,0,0,0,0,0,0.790678234,0,0,0,0,0,1.91977834,0,0,0,0.519126642,0,0,0,0,0,1.276480674,0,0,0,0,0,0,0,0,0.487404974,0,0,0,0,0,0,0,0,0,0,0.953277367,0.893702927,1.608299276,0,0,0,0,0,1.596596562,0,1.462951421,0,0.903194071,0,0,0,1.443735563,0,0,0,0,0,0.926227041,0,0,0,0,0,0,0,0,1.028090378,0,0.699482113,0,0,0,0,0,0,0,0,0,0,0,0,0,0,0,0,0,0.754455356,0,0,0,0,0,0,0,0,0,0,0,0,0,0,0,0,0,0,0,0,0,0,0,0,2.759917359,0,0,0,0,0,0,0,0,0,0,0,0,0,0,0,0,1.850067678,0,0,0,0,0,0.604860373,0,2.650322966,0,0,1.30687292,0,0,0,0,0,0,0,0,0.698516889,0,0,0,0,0,1.726615832,0,0,0,2.603158123,0,0
"2",0,0,0.486496101,0,0,0,1.223475035,0,0,0,0.863825002,0.238495138,1.547589335,0,0,0,0,0,0,0,0,0,0,0,0,0,0,0,0,0,0,0,0,0,0,0,0,0,0,0,0,0.769243807,0,0,0.683749204,0,0,0,0,0,0,0.787248402,0,0,0,0,0,2.684730505,0,0,0,0.911493369,0,0,0,0,0,1.679993859,0,0,0,0,0,0.870615087,0,0.733178114,0,0,0.620033548,0,0,0,0,0,0,0,0,1.267921362,1.068827588,2.197077169,0.912478262,0,0,0,0,0.84991929,0,1.183978694,0.499507423,1.353518908,0,0,0,0,0,0,0,0,0,0,0,0,0,0,0,0,0,0,0.698857646,0.76872002,0,0,0,0,0,0,0,0,0,0,0,0,0,0,0,0,0,0,0,0,0,0,0,0,0,0,0,0,0,0,0,0,0,0,0,0,0,0,0,0,0,0,0,2.179580492,0,0,0,0,0,0,1.114496202,0,0,0,0,0,0,0,0,0,0,0,0,0,0,0,0,0,0,2.087867384,0,0,0,0,0,0,0,0,0,0,0.91034495,0,0,0,0.620040351,1.101273625,0,0.783353112,2.476686251,0,2.283327452,0,0
"3",3.222626088,1.665421207,0,0,0,0,0,0,0,0,0,0,0,0,0,0,0,0,0,0,0,0,0,0,0,0,0,0,0,0,0,0,0,0,0,0,0,0,0,0,0,0,0,0,0,0,0,0,0,0,0,0,0,0,0,0,0,2.743584752,0,0,0,1.908244855,0,0,0,0,0,2.488403682,0,0,0,0,0,2.170811881,0,0,0,0,0,0,0,0,0,0,0,0,0,0,0,2.45834408,0,0,0,0,0,0,0,1.305802216,0,0,0,0,0,0,0,0,0,0,0,1.446554077,0,0,0,0,0,0,0,0,0,0,0,0,0,0,0,0,0,0,0,0,0,0,0,0,0,0,0,0,0,0,0,0,0,0,0,0,0,0,0,0,0,0,0,0,0,0,0,0,0,0,0,0,0,0,0,0,0,0,0,0,0,0,0,0,0,0,0,0,0,0,2.083419852,0,0,0,0,0,0,0,0,0,0,0,0,0,0,0,0,0,0,0,0,0,0,0,1.604211739,1.774361165,0,0,0,0,0,0,0
"4",0,0,0,0,0,0,0,0,0,0,0,0,0,0,0,0,0,0,0,0,0,0,0,0,0,0,0,0,0,0,0,0,0,0,0,0,0,0,0,0,0,0,0,0,0,0,0,0,0,0,0,0,0,0,0,0,0,0,0,0,0,0,0,0,0,0,0,0,0,0,0,0,0,0,0,0,0,0,0,0,0,0,0,0,0,2.109508313,0,0,0,4.143281264,0,0,0,0,0,0,0,0,0,0,0,0,0,0,0,1.931066896,1.804373591,0,0,0,0,0,0,0,0,0,0,0,0,0,0,0,1.152933705,0,0,0,0,0,0,0,0,0,0,0,0,0,0,0,0,0,0,0,0,0,0,0,0,0,0,0,0,0,0,0,0,0,0,0,0,0,0,0,0,2.656643337,0,0,0,0,0,0,0,0,0,0,0,0,0,0,0,0,0,0,0,0,0,0,0,0,0,0,0,0,0,0,0,0,0,0,0,0,0,0,0,0,0,0,0,0,0,0,1.678534526,0,0
"5",0,0,0.68499149,0,1.008018318,0.565489464,1.533951981,0,0,0,0,0,1.500490114,0,0,0,0,0,0,0,0,0,0,0,0,0,0,0,0.781635213,0,0,0,0,0,0,0,0,0,0,0,0,0,0,0,0,0,0,0,0,0,0,1.036708691,0,0,0,0,0,2.654904357,2.044091347,1.152850859,0,0.944617042,0,0,0,0,0.720084299,2.158788652,0,0,0,0,0,1.214243215,0,1.30488851,1.262663945,0.958005185,0,0,0,0,0.934825496,0,1.081451281,0,0,0,1.578001324,2.704899318,0,0,0,0,0,0,0,1.579039457,0.944404419,0.876169387,1.277380326,0,0,0,0,0,0,1.333239633,0,1.705556918,0,0,0,0,0,0,0,0,0.965823626,0,0,0,0,0,0,0,0,0,1.154816539,0,0,0,0,0,0,0,0,0,0,0,0,0,0,0,0,0,0,0,0,0,0,0,0,0,0,0,0,0,0,0,0,0,0,0,0,0,0,0,0,0,0,0,0,0,0,0,0,0,0,0,0,0,0,0,0,0,0,0,0,0,0,0,0,0,0,0,0,0,0,0,0,0,0,0,0,0,0,0,1.384199217,0,0,0,0
"6",2.330450218,0,0,0,0,0,0,0,0,0,0,0,0,0,0,0,0,0,0,0,0,0,0,0,0,0,0,0,0,0,0,0,0,0,0,0,0,0,0,0,0,0,0,0,0,0,0,0,0,0,0,0,0,0,0,0,0,3.172936005,0,0,0,0,0,0,0,0,0,2.349430602,0,0,0,0,0,0,0,1.129806778,0,0,0,0,0,0,0,0,0,0,0,0,1.216889347,2.448433098,0,0,0,0,0,0,0,1.158815507,0,0,0,0,0,0,0,0,0,0,0,1.201668357,0,0,0,0,0,0,0,0,0,0,0,0,0,0,0,0,0,0,0,0,0,0,0,0,0,0,0,0,0,0,0,0,0,0,0,0,0,0,0,0,0,0,0,0,0,0,0,0,0,0,0,0,0,0,0,0,0,0,0,0,1.404370528,0,0,0,0,0,0,0,0,0,0,0,0,0,0,0,0,0,2.437315961,0,0,0,0,0,0,0,0,0,0,0,0,1.432698022,2.23493825,0,0,0,0,0,0,0,2.691612692,0,0
"7",0,0,0,0,0,0,0,0,0,0,1.359812867,0,1.269796042,0,0,0,0,0,0,0.830954421,0,0,0,0,0,0,0,0,1.236168362,0,0,0,0,0,0,0,0,0,0,0,0,1.085813569,1.78801672,0,0,0,0,0,0,0,0,1.342678331,0,1.093764607,0,0,0,2.994897371,0,0,0,1.626113588,0,0,0,0,0.956011556,2.255520465,0,0,0,0,0,1.403673454,0,1.241294196,1.000158714,0,0,0,0,0,0,0,0,1.931650602,0,0,1.650950265,2.474334202,0,0,0,0,0,0,0,1.359023361,0,0,0,0,0,0,0,0.970758309,0,0,0,0.965819941,0,0,0,0,0,0,0,0,0,0,0,0,0,0,0,0,0,0,0,0,0,0,0,0,0,0,0,0,0,0,0,0,0,0,0,0,0,0,0,0,0,0,0,0,0,0,0,0,0,0,0,0,0,2.306852601,0,0,0,0,0,0,0,0,0,0,0,0,0,0,0,0,0,0,0,0,1.225467315,0,0,0,0,0,0,0,0,0,0,0,0,0,0,0,0,0,0,0,0,0,0,0,0,0,0,0,0
"8",0,0,0,0,0,0,0,0,0,0,0.185290411,0,0.306668154,0,0,0,0,0,0,0,0,0,0,0,0,0,0,0,0,0,0.612741005,0,0.28667881,0,0.319390195,0,0,0,0,0,0,0.535907913,0.512400451,0,0,0,0,0,0.112951076,0,0,0.649259097,0.27458998,0,0,0,0,1.53572199,0,0,0,0.378066834,0,0,0,0,0.460963467,0,0,0,0,0.166510956,0,0.702318199,0,0,0,0,0.462365283,0,0.355154165,0,0,0,0.853199234,0,0,0,0.785023406,1.481127212,0.399495311,0.416050198,0,0,0.344544601,0.892823088,0,1.337654528,0,0.926509747,0,0,1.225253107,0,0.335763606,0,0,0.791463123,0,0.941845348,0.226751198,0,0.270556377,0,0,0.209834972,0,0,0,0,0.246005692,0.746427822,0.524367985,0.354555975,0.473516829,0,0.603248463,0.144253589,0,0,0.355609731,0,0.326738612,0,0.356890377,0,0,0,0.5244315,0.275524315,0,0.365436066,0.56520055,0,0.125518955,0,0.166517174,0,0.290686257,0,0,0.327509623,0,0,0,0,0.232626438,0.258608376,0,0.635648778,0.304275331,0,0.473835424,3.799041925,0,0,0,0.369708743,0,0.399539072,0.69256435,0.343036355,0.737209897,0,0.425574532,0.534995122,0.440860355,0.39401247,0.774039689,0.335818334,1.651943771,0,0,0,0,0,0,0.391971273,0,0,0,0.692243762,0,0,0,0,0,0,0,0,0,0,0,0,0.75274925,0,0,0,0,0,0,0,0
"9",0,0,0,0,0,0,0,0,0,0,1.153816857,0,1.242803384,0,1.513720089,0,0,0,0,0,0,0.599858036,0,1.311821569,1.540192299,0,0,0,0,0,1.262013779,0,0.873080242,0.812172458,0.805558241,0,1.23988716,0,0.69191422,0,0,0,0,1.04104201,0.883032936,0,0,0,0.976269832,0.507086384,0.914199762,0,0,0,0.847777836,0.509528955,0,1.190422812,0,0,0,1.074620182,0,0,0,0,1.289567809,0,0,0,0,0,0,1.684335213,0,0,0,0,0,0,1.021244877,0,0,0,1.436446328,0,0,0,0,3.178983351,0.923903585,0.761697792,0,0,0.567037276,0,0.427153907,0,0,0.760284382,0,0,0,0.700754647,1.127474549,1.450245682,1.558470757,1.156716386,0,0,0.681132476,0,0,0,0,0,0,0,0,0,0,0.738300132,1.019667366,0,0,0,1.278952356,0,0,0,0,0,0,0,0,0,0,0,0,0,0.502472969,0,1.088030369,0,0,0,0,0,0,0,0,0,0,0,0,0,0,0,0,0,0,0,0,0,0,0,0,0,0,0,0,0,0,0,0,0,0,0,0,0,0,0,0,0,0,0,0,0,0,0,0,0,0,0,0,0,0,0,0,0,0,0,0,0,0,0,0,0,0,0,0,0,0
"10",0,0,0,0,0,0,1.132181252,0,0,0,0,0,0,0,0,0,0,0,0,0,0,0,0,0,0,0,0,0,0,0,0,0,0,0,0,0,0,0,0,0,0,1.097829544,0,0,0,0,0,0,0,0,0,0,0,0,0,0,0,3.547033984,0,0,0,1.440610272,0,0,0,0,0,2.371866609,0,0,0,0,0,0,0,0,0,0,0,0,0,0,0,0,0,0,0,0,0,2.701583743,0,0,0,0,0,0,0,1.641658576,0,0,0,0,0,0,0,0,0,0,0,1.53450944,0,0,0,0,0,0,0,0,0,0,0,0,0,0,0,0,0,0,0,0,0,0,0,0,0,0,0,0,0,0,0,0,0,0,0,0,0,0,0,0,0,0,0,0,0,0,0,0,0,0,0,0,0,3.109058586,0,0,0,0,0,0,0,0,0,0,0,0,0,0,0,0,0,0,0,0,0,0,0,0,1.966136673,0,0,0,0,0,0,0,0,0,0,0,0,0,0,0,0,0,0,0,0,0,0,0,0
"11",0,0,0,0,0,0,0,0,0,0,0,0,1.175392059,0,0,0,0,0,0,0,1.116406423,0,0,0,0,0,0,0,0,0,0,0,0,0,0,0,0,0,0,0,0,1.076651869,0,0,0,0,0,0,0,0,0.570694059,1.1082913,0,0,0,0,0,3.100078206,0,0,0,1.124132245,0,0,0,0,0,2.012615719,0,0,0,0,0,2.098670428,1.552481587,1.151699506,0,0.942790064,0.588996617,0,0,0,0,0,0.79087608,0,0.480726694,0.905933378,1.085216001,2.192480999,0,0,0,0,0.603493906,0,0,1.365125218,0,0.645822329,0.753142814,0,0,1.036589748,0,1.109538575,0,0,0,0.996566901,0,0,0,0,0,0,0,0,0,0,0,0,0,0,0,0,0,0,0,0,0,0,0,0,0,0,0,0,0,0,0,0,0,0,0,0,0,0,0,0,0,0,0,0,0,0,0,0,0,0,0,0,0,2.447375883,0,0,0,0,0,0,0,0,0,0,0,0,0,0,0,0,0,0,0,0,0,0,0,0,1.778587669,0,0,0,0,0,0,0,0,0,0,0,0,0,0,0,0,0,0,0,0,0,1.912580563,0,0
"12",0,0,0,0,0,0,0,0,0,0,1.134152734,0,0.794830854,0,0,0.736331002,0,0,0,0,0.900585269,0,0,0.670743613,0.553890088,0,0,0,1.295964244,0,0.678911535,0,0.760162119,0,0.541458992,0,0.783659705,0,0.484144398,0.697478489,0,0,0.394944144,0.655523415,0.681835538,0,0,0,0.690895254,0.344529648,0.643718052,0,0,0,0.309660534,0.257985001,0,1.724846179,1.965462736,2.741653184,0.447758693,0.839996635,0.386091265,0,0,0,1.102433771,0,0,0,0,0,1.531189317,1.821768766,0,0,0,0,0,2.008059553,0.872407586,0,0,0,0.893734961,0,0,0,1.157047708,1.848934008,0,0.627827091,0,0.231969627,0.418019278,0,0.268198251,0.817772696,0.315597381,0.885465393,0,0.20265495,0,0,0.487446595,0,0.586124548,1.638333383,0,0,0.450042529,0.229923543,0,0,0,0,0,0,0,0,0,0.561489193,0.5313561,0,0,0,0.760322156,0.207105442,1.742194909,0,0,0,0,0,0,0,0,0,0,0,0,0,0,0.7018775,0.49653955,0,0,0,0.592917278,0,0,0,0,0,0,0,0,0,0,0,0,0,0,1.05499244,0,0,0,0,0,0,0,0,0,0,0,0,0,0,0,0,0,0,0,0,0,0,0,0,0,0,0,0,0,0,0,0,0,0,0,0,0,0,0,0,0,0,0,0,0,0,0,0,0
"13",2.152363493,0,0,0,0,0,0.393080347,0,0,0.57798921,0.612606315,0,0.937031526,0,0,0,0,0,0,0,0,0,0,0,0,0,0,0,0,0,0.835989783,0,0.649578199,0.258005774,0.392260392,0,0,0,0.58015267,0,0,0.680110421,1.618039425,0,0.294053286,0,0.326708047,0.293036772,0.439545643,0,0,0,0,0,0,0,0.345316571,2.480019088,0,0,0,1.668261413,0.249145386,0,0,0,0.943690867,0,0,0,0,0,0,0,0,0,0,0,0.716944298,0,0.496178841,0,0,0,1.185096094,0,0,0,1.075773866,2.123528253,0.569869919,0.746463499,0,0,1.114675636,0.847684851,0.315392833,1.157420039,0.498446309,1.290119535,0,0.314526074,0,1.008448462,0.37618224,0,0,1.35895612,0,1.328734967,0,0,0,0,0,0,0,0,0,1.067332377,0,0.96534861,0.811331615,0.280157794,0.606333457,0.965091785,0,0,0,0,0.332051202,0,0.296437577,0.722473362,0,0,0,0,0.422672075,0.374072667,0.258529867,0.323860978,0,1.07527882,0,0,0,0,0,0,0,0,0,0,0,0.51146054,0.620537685,0,0,0,0,0,0.420965412,1.842019352,0,0,0,0,0,0,1.131416095,0,0,0,0,0,0,0,0,0,1.270593886,0,0,0,0.491143925,0,0,0,0,0,0,0.528438479,0.356221147,0,0,0,0,0,0,0,0,0,0,0.236235692,0,0.797267908,0,0,0,0,0,0,0
"14",0,0,0,0,0,0,0,2.303441904,0,0,0,0,0,0,0,0,0,0,0,0,0,0,0,0,0,0,0,0,0,0,0,0,0,0,0,0,0,0,1.046538167,0,0,1.509630323,0,0,0,0,0,0,0,0,0,1.178132888,0,0,0,0,0,3.235460196,0,0,0,0.905435386,0,0,0,0,0.750638907,2.161633939,0,0,0,0,0,1.130914682,0,1.132460006,1.025855062,0.992783321,0,0,0,0,0,0,0,0,0,0,1.480143911,2.353046526,0,0,0,0,0,0,0,1.319077097,0,0,0,0,0,0,0,1.14345145,0,0,0,1.179249761,0,0,0,0,0,0,0,0,0,0,0,0,0,0,0,0,0,0,0,0,0,0,0,0,0,0,0,0,0,0,0,0,0,0,0,0,0,0,0,0,0,0,0,0,0,0,0,0,0,0,0,0,0,2.632527797,0,0,0,0,0,0,0,0,0,0,0,0,0,0,0,0,1.590837532,0,0,0,0,0,0,0,0,0,0,0,0,0,0,0,0,0,0,0,0,0,0,0,0,0,0,0,0.976022558,0,1.245398063,0,0
"15",0,0,0,0,0,0,0,0,0,0,0.598612728,0,0.827602226,0,0,0,0,0,0,0,0.44716594,0,0,0,0,0,0,0,0,0,0,0,0,0,0,0,0,0,0,0,0,0.699132966,0,0,0,0,0,0,0,0,0,0.627409867,0,0,0,0,0,0.731322362,0,0,0,0.445459777,0,0,0,0,0,0,0,0,0,0,0,0.356378955,0,0,0,0,0.615982834,0,0.337927118,0.783424753,0,0,0,1.897346227,0,0.74387673,0,3.790775572,0,0,0,0,0,0,0,0.60171482,0,0,0,0,0,0.44571124,0,1.417082833,1.490135355,0,0,0,0,0,0,0,0,0,0,0,0,0,0,0,0.80957926,0,0,0,0,0,0,0,0,0,0,0,0,0,0,0,0.454253326,0,0,0,0,0,0,0,0,0,0,0,0,0,0,0,0,0.446865729,0,0,0,0,0,0,0,3.332346878,0,0,0,0,0,0,0,0,0,0,0,0,0,0,0,0,1.04952748,0,0,0,0,0,0,0,0,0,0,0,0,0,0,0,0,0,0,0,0,0,0,0,0,0,0,0,0,0,0.984338209,0,0
"16",0,0,0,0,0,0,0,0,0,0,0,0,0,0,0,0,0,0,0,0,0,0,0,0,0,0,0,0,0,0,0,0,0,0,0,0,0,0,0,0,0,0.441418452,0.569597363,0,0,0,0,0,0,0,0,0.491821673,0,0,0,0,0,0.446880237,0,0,0,0.926936607,0,0,0,0,0,0,0,0,0,0,0,0.924315578,0,0,0,0,0,0,0.375028519,0,0,0,0,2.159732288,0,1.026256321,0,4.011354585,0,0,0,0,0.483221456,0,0,0.525775569,0,0,0,0,0.480220151,0.702347723,0,1.75637555,1.779720223,0.878042815,0,0.541997452,0,0,0,0,0,0,0,0,0,0,0,0,1.047009901,0,0,0,0,0,0.435499097,0,0,0,0,0,0,0,0,0,0.450447986,0,0,0,0,0,0,0,0,0,0,0,0,0,0,0,0,0,0,0,0,0,0,0,0,1.374971022,0,0,0,0,0,0,0,0,0,0,0,0,0,0,0,0,0.848173742,0,0,0,0,0,0,0,1.489088799,0,0,0,0,0,0,0,0,0,1.247239321,0,0,0,1.204369097,0,0,0,0,0,0,0,0,0,0
"17",0,0.705695916,0,0,0,0,0,0,0,0,0.570607928,0,0.474475475,0,0,0,0,0,0,0,0,0,0,0,0,0,0,0,0,0,0,0,0,0,0,0,0,0,0,0,0,0.257983,0,0,0.236830729,0,0,0,0,0.286049614,0,0.276490557,0,0,0,0,0,0.255754306,0,0,0,0.186152225,0,0,0,0,0,0,0,0,0,0,0,0,0,0,0,0,0,0,0.288949039,0.627936009,0,0,0,1.967001599,0,0.683205213,0,3.821731111,0,0,0,0,0,0.396085039,0.515455722,0,0,0,0,0,0.36071868,0.675276495,0.584602746,1.69858098,1.785289619,0.525761486,0,0.539988873,0,0,0,0,0,0,0,0,0.425267578,0,0,0,1.271453471,0,0,0,0,0,0,0,0,0,0,0,0,0,0,0,0.709265768,0,0,0,0,0,0,0,0,0,0,0,0,0,0,0,0,0,0,0,0,0,0,0,0,2.338556137,0,0.279147781,0.15435651,0.478590418,0,0,0,0,0,0,0.427716317,0,0.343963066,0,0,0,0.709112849,0,0.263407668,0,0,0,0,1.442738821,0,0.848508525,0,1.346094564,0,0,0,0,0.244705076,0,0,0,0,0.628081492,0.365125201,0,0,0,0,0.562084298,0,0,1.114594906,0,0
"18",0.595651511,0,0,0,0,0,0,0,0,0,0,0,0,0,0,0,0,0,0,0,0,0,0,0,0,0,0,0,0,0,0.196056608,0,0.137553109,0.096061816,0,0,0,0,0,0,0,0.34585636,0.138207191,0.101347537,0.306384235,0,0.110272518,0.097737373,0.093923872,0,0,0,0,0,0,0,0,0.160557439,0,0,0,0.226704799,0,0,0.107699931,0,0.211119607,0,0,0,0,0,0,0,0,0,0,0,0,0,0,0,0,0.092456473,0.240323461,1.972662448,0,0.846100194,0,3.590095107,0.845525226,0.421199644,0,0,0.204479325,0.330785666,0.45154019,0,0,0.194737556,0.092871981,0,0,0.833449959,0.55913448,1.660706346,1.702202714,0.472637044,0,0.536929633,0,0,0.28481355,0,0,0.107787883,0,0,0.449487166,0,0,0,1.337721239,0.134655579,0.526038254,0,0.266150182,0.099299512,0,0,0,0,0,0,0,0,0,0.055407591,0.443999216,0.15736221,0.268139372,0.207301097,0,0.557038771,0,0.196526347,0,0.197406666,0.151977966,0,0,0,0.077345964,0,0,0,0,0.104593201,0,0.235595591,0.25466491,0,0.137679983,2.998787787,0,0,0.105373478,0.233308222,0.219107122,0.077858543,0.400479542,0,0.470711386,0,0.291430986,0.338245388,0.430265059,0,0.423997088,0.182254518,1.374508208,0,0,0.35998291,0,0,0,0,0,0,0,0.697581913,0,0,0,0,0.203790483,0.129365038,0,0,0,0,0,0,0,1.012577596,0,0,0,0,0,0,0
"19",0,0,0,0,0,0,0,0,0,0,0,0,2.430640421,0,0,0,0,0,1.121763346,0,0,0,0,0,1.915223833,0,0,0,0,0,0,0,0,0,0,0.964327534,0,0,0,0,0,0,0,0,0,0,0,0,0,0,0,0,0,0,0,0,0,1.541324063,1.470850117,0,0,0,0,0,0,0,0,0,0,0,0,0,0,0,0,0,0,0,0,0,0,0,0,0,0,2.622935384,0,0,0,3.477724302,0,0,0,0,0,0,0,0,0,0,0,0,0,0,0,1.72360987,1.538370109,0,0,0,0,0,0,0,0,0,0,0,0,0,0,0,0,0,0,0,0,0,0,0,0,0,0,0,0,0,0,0,0,0,0,0,0,0,0,0,0,0,0,0,0,0,0,0,0,0,0,0,0,0,0,0,0,1.988324506,0,0,0,0,0,0,0,0,0,0,0,0,0,0,0,0,0,0,0,0,0,0,0,0,0,0,0,0,0,0,0,0,0,0,1.122194345,0,0,1.977074983,0,0,0,1.961244999,0,0,0,0,0,0,0
"20",0,0.44861364,0,0,0.928736029,0,0,1.366883184,0,0,0,0,0,0,0,0,0,0,0,0,0,0,0,0,0,0,0,0,0,0,0,0,0,0,0,0,0,0,0,0,0,0.357942899,0,0.631964678,0.809561839,0,0,0,0,0,0,0.732089219,0,0.601567489,0,0,0,2.563340068,1.627049621,0,0,0.635877547,0,0,0,0,0.724062168,1.762125505,0,0.638329266,0,0.474712235,0.482263051,0.937829431,0,0.807303054,0,0.669745574,0,0,0,0,0,0,0.98870315,0,0,1.16290519,0.963515107,1.863924255,0.72768548,0,0,0.573444363,0,0.550205365,0,0.93671989,0.424706246,0.537618722,0.839190595,0,0,0,0,0,0,0,0,1.052215976,0,0,0,0,0,0,0,0,0,0,0,0,0,0,0,0,0,0,0,0,0,0,0,0,0,0,0,0,0,0,0,0,0,0,0,0,0,0,0,0,0,0,0,0,0,0,0,0,0,0,0,0,0,1.509044619,0,0,0,0,0,0,0,0,0,0,0,0,0,0,0,0,1.346576295,0,0,0,0,0,0,0,2.205521531,0,0,1.679494416,0,0,0,0,0,0,0,0.630332914,0.59675092,0,0,0,0,1.411007253,0,0,2.361375856,0,2.311624709,0,0
"21",0,0,0,0,0,0.873555221,0,0,0,0,0.763808796,0,0.923514354,0,0,0,0,0,0,0,0,0,0,0,0,0,0,0,0,0,0,0,0.64725697,0.448296272,0.49412984,0.801484998,0,0,0.769452603,0,0,0.682197029,0.790809759,0.636031268,0.558152966,0,0,0,0,0,0,1.08150755,0.624683114,0.90821184,0,0,0.593544433,3.100723545,1.847629191,0,0,0.86411486,0.277641798,0.302882978,0,0.453266247,1.065091931,1.906299778,0,0.817343441,0,0.622288162,0.399589386,0.848661766,0,0.905686329,0,0.538386523,0.340102522,0,0.312814731,0,0.387686449,0,0.757762965,0,0,0.640065422,0.736430585,1.600774299,0.325009229,0,0,0,0,0,0,0.761595531,0.292459713,0.888673575,0,0,0,0,0,0,0.33830705,0,0,0,0,0,0,0,0,0,0,0,0.287987137,0.468348065,0,0,0,0,0,0,0,0,0,0,0,0,0,0,0,0,0,0,0,0,0,0,0,0,0,0,0,0,0,0,0,0,0,0,0,0,0,0,0,0,0,0,0,0.834972986,0,0,0,0,0,0,0.416437053,0,0,0,0,0,0,0,0,0,1.081576359,0,0,0,0,0,0,0,1.62439435,0,0,1.006754884,0,0,0,0,0,0,0,0,0.337076342,1.212859815,0,0.78982291,0,0.47564248,0.531891014,0,1.995824436,0,0,1.854553732,0
"22",0,0,0,0,0,0.534027201,0,0,0.611435066,0,0,0,0,0,0,0,0,0,0,0.463604396,0,0,0,0,0,0,0,0,0,0,0,0,0,0,0,0,0,0,0,0,0,0.403971761,0,0,0,0,0.294673754,0,0,0,0,1.15426028,0,0,0,0,0.32414718,2.523870669,0,0,0,0.637585542,0,0,0,0,0.949264748,0,0,0,0,0,0,1.452495828,0,0,0,0,0.978904338,0,0.995756276,0,0,0.416255416,1.34435306,0,0,0,1.263114954,2.408655778,0,0.916885298,0,0,0.564266055,0.598436462,0,1.758360132,0.836122968,1.71354404,0,0,1.323925193,0,0.560945896,0,0,0,0,1.75109883,0.398697432,0,0,0,0,0,0,0,0,0,0.345324454,1.065844372,0.809172033,0,0.622033443,0.857943016,0,0,0,0,0.495969068,0,0,0,0,0,0,0,0.585685248,0,0,0,0,0,0,0,0,0,0,0,0,0,0,0,0,0,0,0,0,0,0,0,0.335559693,2.864681137,0,0,0,0,0,0,0.904650979,0,0.644336802,0,0,0,0,0,0.543981469,0,1.948032877,0,0,0,0,0,0,0,0,0,0,0,0,0,0,0,0,0,0,0,0,0,0,0.496641263,0.89415052,0,0,0,0,0,0,0,0
"23",0,0,0,0,0,0,0,1.380351703,0,0,0,0,1.196387358,0,0,0,0,0,0,0,0,0,0,0,0,0,0,0,0,0,0,0,1.019291009,0,0,0,0,0,0,0,0,0.942369224,1.883008255,0,0,0,0,0,0,0,0,0.906661359,0,0.502142167,0,0,0,2.453447365,1.524771853,0,0,1.894235179,0,0,0,0,0.768698391,1.854928803,0,0.851648059,0,0,0,2.02387024,0,0.798326087,0,0.604468896,0,0,0,0,0,0,0.669237853,1.005531906,0,0,0.988448717,1.621424814,0,0,0,0,0.879056163,0,0,0.734379498,0,0.757204038,0,0,0,0,0,0,0,0.770062368,0,0.762613801,0,0,0,0,0,0,0,0,0.769322932,0,0.640237109,0,0,0,0,0,0,0,0,0,0,0,0,0,0,0,0,0,0,0,0,0,0,0,0,0,0,0,0,0,0,0,0,0,0,0,0,0,0,0,0,0,0,3.129307317,0,0.683407125,0,0,0,0,0,0,0,0,0,0,0,0,0,0,0,0,0,0,0,0,0,0,1.197444181,0,0,0,0,0,0,0,0,0,0,0,0,0,0,0,0,0,0,0,1.306406163,0,1.394899751,0,0
"24",0,0,0,0,0,0,0,0,0,0,0.245939936,0,0.263197511,0,0,0,0,0,0,0,0,0,0,0,0,0,0,0.17009117,0,0,0,0,0,0,0,0,0,0,0.093671619,0,0,0,0,0.197541568,0.332826026,0,0,0,0,0,0,0,0,0.224450981,0,0,0.121138118,1.607394501,0,0,0.156784498,0.224700397,0,0,0,0.105164207,0.294059436,1.102743742,0,0.294923899,0.154183095,0.16823251,0,0.417787238,0,0,0,0.257675524,0.366636311,0,0,0,0.281215869,0,0.602835457,0,0,0.801695202,0.640881847,1.289345987,0.502233523,0.251732243,0,0,0.13831977,1.673147537,0.50298699,1.024311987,0,0.513957535,0.775784125,0,0,1.318467364,0,0,0,0,0.355294042,0.748221654,0.256956556,0.105220205,0.346054261,0.466071893,0.148022991,0.391076007,0,0.864840938,0,1.211545876,0,0.57797268,0,0.413718976,0.814094157,0,0,0,0,1.318588875,0.873489374,0,1.41108801,0.132735283,0.126154493,0.266509586,0,0,0.358295815,0.651580102,0,0.416312425,0,0.361781853,0,0,0,0,0.097418276,0.207173358,0,0,0.166878442,0.240574306,0,0.262797243,0.742704454,0.400000738,0.220840064,0.110366965,0,0.362237704,0.188211786,1.169964499,0,0.218282363,0,0,0,0,0.962223452,0,0.339159428,0,0,0,0,0,0.325924502,0,1.345332379,0,0,0.292793395,0,0,0,0,2.505111843,0,0,1.291344856,0,0,0,0,0,0.784730139,2.144306572,0,0,0,0,0,0,0,1.56306013,0,0,0,2.522563851,0,0.873590592
"25",0,0,0,0,0,0,0.344911588,0,0,0,0.235187414,0,0.959138238,0,0,0,0,0,0,0.273364761,0,0,0,0,0,0,0,0,0,0,0,0,0,0,0,0,0,0,0,0,0,0.284796872,1.241884447,0.520607229,0,0,0,0,0,0,0,0.658448102,0,0,0,0,0,0.476887611,0,0,0,0.954385643,0,0,0,0,0,0,0,0,0,0,0,0.723713441,0,0,0,0,0.45244911,0,0.474886184,0,0,0,0.28957691,2.119199869,0,1.067182586,0,4.00778927,0,0.307175801,0.227685174,0,0.250883816,0,0,0.448965352,0,0,0,0,0,0.493911098,0.537544522,1.706614316,1.757362283,0.626314808,0,0.517099272,0,0,0,0,0,0,0,0,0,0,0,0,0.901379049,0,0,0,0,0,0,0,0,0,0,0,0,0,0,0,0.245651639,0,0,0,0,0,0,0,0,0,0,0,0,0,0,0,0,0,0,0,0,0,0,0,0,0.611167957,0,0,0,0,0,0,0,0,0,0,0,0,0,0,0,0,1.816200007,0,0,0,0,0,0,0,1.056914947,0,0,0,0,0,0,0,0,0,0,0.472435094,0,0,0,0,0.229293307,0.590804347,0,0,0,0,0,0,0
"26",0,0,0,0,0,0,0,0,1.419308222,0,0.786267021,0,0.785103082,0,0,0,0,0,0,0,0.917156328,0,0,0,0,0,0,0.931835054,0,0,0,0,0,0,0,0.463213934,0,0.56408365,0,0,0,0.79373898,0,0,0,0,0,0,0,0,0,0.961746371,0,0.962981292,0,0,0.632083482,2.969684138,0,0,0,0.728987689,0,0,0,0,0.871390676,2.48944491,0,0,0.456022978,0.559526608,0,1.053476822,0,0,0,1.037588198,0,0,0,0,0.773563661,0.819692237,1.12718184,1.535172057,0,0.58537421,1.15802217,2.567893326,0,0.711872309,0,0,0,0,0,1.502726604,1.06145989,1.189214053,1.018735291,0,0,1.248324585,0,1.029350564,0,0,0,1.45763234,0,0,0,0,0,0,0,0,1.015994342,0.692740855,0,0,0,0,0,0,0,0,0,0,0,0,0,0,0,0,0,0,0,0,0,0,0,0,0,0,0,0,0,0,0,0,0,0,0,0,0,0,0,0,0,0,0,1.035818911,0,0,0,0,0,0,0,0,0,0,0,0,0,0,0,0,1.071839635,0,0,0,0,0,0,0,0,0,0,0,0,0,0,0,0,0,0,0,0,0,0,0,0,0,0,0,0,0,0,0,0
"27",0,0,0,0,2.006514766,0,0,0,0,0,0,0.715198902,0.440078086,0,0,0,0,0,0,0,0,0,0,0,0,0,0,0,0,0,0,0,0,0,0,0,0,0,0.391243738,0,0,0,0,0,0.528513479,0,0,0,0,0,0.295514986,0.720053478,0.508590464,0.717364916,0,0,0.484092987,2.68690266,1.644231987,0,0,0.537592163,0,0,0,0,0.720361281,2.220197977,0,0.521967343,0.457055786,0.552841184,0.441250925,0.910138383,0,0.978100864,0,0.765384272,0.465908669,0,0,0,0.76403823,0.802800527,0.987666207,0,0,1.307281485,1.135125578,2.201563899,0.755814696,0.625168578,0,0,0,0.769375085,0,1.286565376,0.598124847,0.818164542,0.834554009,0,0,0,0,0,0,0.462504378,0,1.057661943,0,0,0,0,0,0,0,0,1.253889023,0,0,0,0,0,0,0,0,0,0,0,0,0,0,0,0,0,0,0,0,0,0.476910831,0.771643786,0,0,0,0,0,0,0,0,0,0,0,0,0,0,0,0,0,0,0,0,0,0.889894084,0,0,0,0,0,0,0,0,0,0,0,0,0,0,0,0,0.774372002,0,0,0,0,0,0,0,1.536494507,0,0,0,0,0,0,0,0,0,1.283537671,0,0,0,0,0,0,0.936324968,0,0,1.68634482,0,1.636782978,0,0
"28",0,0,0,0,2.145744575,0,0,1.660416031,0,0,0,0,0,0,0,0,0,0,0,0,0,0,0,0,0,0,0,0,0,0,0,0,0,0,0,0,0,0,0,0,0,0,0,0,0,0,0,0,0,1.104943427,0,0,0,0,0,0,0,0.587680709,0,0,0,0,0,0,0,0,0,0,0,0,0,0,0,0,0,0,0,0,0,0,0,0,0,0,0,1.893696761,0,0,0,3.312845021,0,0,0,0,0,0,0,0,0,0,0,0,0,0,0,1.52800044,1.412009994,0,0,0,0,0,0,0,0,0,0,0,0,0,0,0,0.875375071,0,0,0,0,0,0,0,0,0,0,0,0,0,0,0,0,0,0,0,0,0,0,0,0,0,0,0,0,0,0,0,0,0,0,0,0,0,0,0,0,3.658563405,0,0,0,0,0,0,0,0,0,0,0,0,0,0,0,0,1.660012576,0,0,0,0.832953382,0,0,0,0,0,0,0,0,0,0,0,0,0,0,0,0,0,0,0,0,0,0,0,0,0,1.024694764,0,0
"29",0,0,0,0,0,0,0,0.810663556,0,0.207715675,0.142692484,0,0.084624803,0.130391138,0,0,0,0,0,0,0,0,0,0,0.190503556,0,0,0,0,0,0,0,0,0,0,0.081108523,0,0,0,0,0,0.166027397,0.353215354,0.195103762,0,0,0,0,0,0,0,0.153607008,0,0,0,0,0,0.155389539,0,0,0.73114195,0.324628172,0,0.208148768,0,0,0,0,0,0,0,0,0,0.258923911,0.116558838,2.751102068,0,0,0.746875075,0,0.389079288,0,0,0,0.083986028,1.24634693,0,0.353153366,0,2.989893301,0,0.510882227,0,0,0,2.54527279,1.499475024,0,0,0.114770876,0,0,0,0.344510757,0.28170025,0.985308511,1.079103989,0.182228551,0,0.18740706,0,0,0,0.967163916,0.242669492,0,0,1.909091664,0,0,0.253972224,0,0.74972412,0.441870843,0,0.181859602,0,0,0,2.175322015,0,0.731335035,2.464078585,0,0,0,0,0,0.113258694,0,0.073116855,0.317274205,0,0,0,0,0,0,0,0,0,0,0,0,0,0,0,0,0,0,0,0,0,1.251737043,0,0.151030836,0,0,0,0,0,0,0.321582148,0,0,0,0,0,0,0,0.894553875,0,0,0,0,0,0,0,0,0,0,0,0,0,0,0,0,0,0,0,0,0.42458325,0,0,0,0,0,0,0,0,0.501830246,0,0
"30",0,0,0,0,1.295531094,0,0.276049855,0,0,0,0,0,0,0,0,0,0,0,0,0,0,0,0,0,0,0,0,0,0.271918661,0,0,0,0.271955586,0,0,0,0,0,0,0,0,0.47643645,0.834572054,0.354817404,0,0,0,0,0,0,0,0.450318601,0,0,0,0,0,0.338256643,0.451046426,0,0,0.883646612,0,0,0,0,0,0,0,0,0,0,0.479561427,0.806590209,0,0,0,0,0.346479314,0,0.313115697,0,0.283419374,0,0,1.948436892,0,0.798322065,0,3.816983827,0,0.49922556,0,0,0.450905675,0.241550921,0,0.644372564,0,0,0,0,0,0,0.620978391,1.711516209,1.71098859,0.808265653,0,0.559799963,0,0,0,0,0,0,0,0,0,0,0.262370121,0,1.008058492,0,0,0,0,0,0,0,0,0,0,0,0,0,0,0,0.262449771,0,0,0,0,0,0,0,0,0,0,0,0,0,0,0,0,0,0,0,0,0,0,0,0,0.910970097,0,0,0,0,0,0,0,0,0,0,0,0,0,0,0,0,1.52416477,0,0,0,0,0,0,0,1.505576194,0,0,0,0,0,0,0,0,0,0,0,0,1.226379911,0,0,0.098788876,0.293406805,0,0.599285088,1.615219009,0,0,1.499830888,0
"31",0,0,0,0,0,1.157223425,0,0,0,0,0,0,1.358268035,0,0,0,0,0,0,0,0,0,0,0,0,0,0,0.563448757,0,0,0,0,0,0,0,0,1.002122364,0,0.630872761,0,0,1.133216815,1.400435669,0,0,0,0,0,0,0,0,1.048856369,0,0,0,0,0,0.647670084,0,0,0,1.320370135,0,0,0,0,0,0,0,0,0,0,0,1.246006193,0,0,0,0,0.742157077,0,0,0,0,0,0,1.360276892,0,0.89663485,0,1.925289035,0,0,0,0,0,0,0,0.912645201,0,0,0,0,0.522800977,0.713096626,0,0.994835656,0,0,0,0,0,0,0,0,0,0,0,0,0,0,0,0,0,0,0,0,0,0,0,0,0,0,0,0,0,0,0,0,0.656886936,0,0,0,0,0,0,0,0,0,0,0,0,0,0,0,0,0,0,0,0,0,0,0,0,3.864600587,0,1.250732389,0,0,0,0,0,0,0,0,0,0,0,0,1.382013714,0,1.992113555,0,0,0,0,0,0,0,0,0,0,0,0,0,0,0,0,0,0,0,0,0,0,0,1.327570743,0,0,0,0,0,0,0,0
"32",0,0.842721041,0,0,2.183047995,0,0,2.298509614,0,0,0,1.259893512,1.046346652,0,0,0,0,0,0,0,0,0,0,0,0,0,0.418965239,0,0,0,0,0,0,0,0,0,0,0,0,0,0,0.959463576,0,0,0,0,0,0,0,0,0,0.798643716,0,0,0,0,0,0.805349123,1.123620083,0,0,0.666230851,0,0,0,0,0,0,0,0,0,0,0.867629214,0.718088539,0,0,0,0,0,0,0,0,0,0,0,2.122798421,0,0,0,2.442987091,0,0,0,0,0,0,0,1.019535932,0,0,0,0,0,1.121898113,0,1.123569293,0.974474526,0,0,0,0,0,0,0,0,0,0,0,0,0,0,0,0,0,0,0,0,0,0,0,0,0,0,0,0,0,0,0,0,0,0,0,0,0,0,0,0,0,0,0,0,0,0,0,0,0,0,0,0,0,0,0,0,2.647692486,0,0,0,0,0,0,0,0,0,0,0,0,0,0,0,0,1.937255897,0,0,0,0,1.229250432,0,0,2.047416015,0,0,0,0,0,0,0,0,0,0,0,0,0,0,0,0,0,1.370796054,0,1.972335551,0,1.730509923,0,0
"33",0,0,0.166691677,0,0,0.250098804,0,0,0,0,0.58077166,0,0.953285115,0,0,0,0.32562186,1.333362696,0,0,0,0,0.272145586,0,0.315443332,0,2.891010393,0.382698158,0,0,0,0.398148788,0.652305593,0.18354619,0.336006961,0.299478105,0,0,0.274015229,0,0,0.590579881,0,0.541406849,0.634103726,0,0,0,0,0,0,0.705899264,0,0.265601653,0,0.160718521,0,1.557861653,0,0,0.119796679,0.351452939,0,0,0.230086174,0.418408582,0.535778613,1.112172023,0,0,0,0.202963717,0,0.40653173,0,0,0,0,0,0,0,0,1.339646392,0,1.260063092,1.646569349,0,1.055208397,0,2.36374913,0.51266202,0,0,0,0.324000447,0.920703437,0,0.974269798,0.196920775,0.2240409,0,0,2.175553739,0,0,0,1.140555329,0.421391645,0,0.946319738,0,0,0,0,0,0,0,0,0,0,0,0.279831518,0,0,0.581631935,0,0,0,0,0,0.259674917,0,0,0,0,0,0,0,0.210144039,0,0,0,0,0,0,0,0,0,0,0,0,0,0,0,0,0,0,0,0,0,0,0,0,0,0,0,0,0,0,0,0,0.374190198,0,0.386662323,0,0,0,0,0,0,2.557651708,0,0,0.330838678,0,0,0,0.587868552,1.185042165,0,0.247482204,0,0,0.45845265,0,0,0,0,0,0,0,0,0.496839478,0,0,0,0.554677736,0,0,0,0,1.318217341,0
"34",2.32950554,0,0,0,0,0,0,0,0,0,0.623308558,0,0.519996203,0,0,0,0,0,0,0,0,0,0,0,0,0,0,0,0,0,0.139948822,0,0.233464568,0.099883795,0.143697829,0,0.210401909,0.136626017,0,0,0,0.193643307,0.313906668,0.873070568,0.515076813,0.391124362,0.246051837,0,0,0,0.155394333,0,0,0,0,0.279005197,0,0.582968099,1.067811237,1.615918326,1.187556105,0.752187556,0.095027953,0,0,0,0.319601786,0,0,0,0,0,0,1.020815023,0,0,0,0,1.035180857,0,0,0,0.451398148,0.127577371,0.388980968,0,0,0,0,1.628515343,0.595813236,0.368540367,0,0,0.474121368,2.95819184,1.151585058,0.453789498,0,0,0,0,1.521457815,0,0.530648446,0,0.956139062,0.743248061,0,0,0.274113865,0.148683169,0,1.354273387,0.199700576,0,0,1.523355399,0,0.455700286,0,0.269686826,0.513301127,0.209810959,0.409119872,0,0.470075969,0,0,1.863760846,0,1.122522368,1.794114154,0.183641016,0,0,0,0,0.216798642,0.213010044,0,0.47855238,0,0.46713979,0.190503172,0.225303268,0,0.4640349,0,0,0.179782599,0,0.102187047,0,0,0.101883236,0,0,0,0,0,0,0,1.417663618,0,0,0,0,0,0,0.35749687,0,0.527909258,0,0,0,0.526286415,0,0.438769574,0,1.31588288,0,0,0,0,0,0,0,0,0,0,0,0,0,0,0,0,0,0,0,0,0,0,0,0,0.548165971,0,0,0,0,0,0,0
"35",0,0,0,0,0,0,0.839626488,0,0,0,0,0,0,0,0,0,0,0,0.675878178,0,0,0,0,0,0,0,0,0,0,0,0,0,0,0,0,0,0,0,0,0,0,1.407279101,3.308655436,0,0,0,0,0,0,0,0,1.365175433,0,0,0,0,0,0.937865176,0,0,0,3.047672477,0,0,0,0,0,0,0,0,0,0,0,2.596205002,0,0,0,0,0,0,0,0,0,0,0,0,0,0,0,2.095189822,0,0,0,0,1.253280206,0,0,0,0,0,0,0,0,0,0,0,0,0,0,0,0,0,0,0,0,0,0,0,0,0,0,0,0,0,0,0,0,0,0,0,0,0,0,0,0,0,0,0,0,0,0,0,0,0,0,0,0,0,0,0,0,0,0,0,0,0,0,0,0,0,0,0,0,2.894780784,0,0,0,0,0,0,0,0,0,0,0,0,0,0,0,0,1.727634235,0,0,0,0,0,0,0,0,0,0,0,0,0,0,0,0,0,0,0,0,0,0,0,0,0,0,0,0,0,0,0,0
"36",1.969616003,0,0,0.392780191,1.109869601,0,0,1.116547442,0,0,0,0,0.849669183,0,0,0,0,0,0,0.386297532,0,0,0,0,0,0,0,0,0,0,0.528604198,0,0,0,0,0,0,0,0,0,0,0.642709941,1.042567639,0,0,0,0.369641607,0,0.204650267,0,0,0,0.457095494,0,0,0,0,0.407487847,1.126767207,2.224580895,0,0.941903722,0,0,0,0,0.482374913,0,0.437457317,0,0,0,1.078206971,1.117120261,0,0.943071833,0,0,0.971991,1.814692809,0.710499069,0,0,0,0.400226853,0,0,0,0,2.629877534,0.840125902,0.550762879,0,0,0.474582608,0.431236925,0,0,0,0.407741707,0,0,0,0.513764153,0.538748003,1.127061858,1.030375514,0.575235911,0,0.283399326,0,0,0,0,0,0,0,0,0,0,0,0,0.930577396,0,0,0,0,0,0,0,0,0,0,0,0,0,0,0,0,0,0,0,0,0,0,0,0,0,0,0,0,0,0,0,0,0,0,0,0,0,0,0,0,2.805088219,0,0,0,0,0,0,0,0,0,0,0,0,0,0,0,0,1.173998454,0,0,0,0,0.573619598,0,0,1.797799974,0,0,0,0,0,0,0,0,0,0,0,0,0,0,0,0.733067739,0,0.374268237,0,1.905205808,0,0,0,0
"37",0,0,0,0,0,0,0,0,0,0,0,0,1.20343292,0,0,0,0,0,0,0,0.64410398,0,0,0,0,0,0,0,0,0,0,0,0,0,0,0.38884991,0,0,0,0,0,0.816778045,0,0,0,0,0,0,0,0,0,0.689988695,0,0,0,0,0,0.576806671,0,0,0,0.513233921,0,0,0,0,0,0,0,0,0,0,0,0,0,0,0,0,0,0,0,0,0,0,0,1.829244666,0,1.012757231,0,3.307823534,0.812698168,0,0,0,0,0.516967921,0.572987966,0,0,0,0,0,0.524029479,0.703922016,0,1.490787963,1.477253398,0.833376204,0,0,0,0,0,0,0,0,0,0,0.554610353,0,0,0,0.851231941,0,0,0,0,0,0,0,0,0,0,0,0,0,0,0,0.541969477,0,0,0,0,0,0,0,0,0,0,0,0,0,0,0,0,0,0,0,0,0,0,0,0,3.499159561,0,0,0,0,0,0,0,0,0,0,0,0,0,0,0,0,1.823988798,0,0,0,0,0,0,0,0,0,0,0,0,0,0,0,0,0,0,0,0,0,0.751658081,0,0.670840061,0,0.924271911,0,0,0,1.399147322,0,0
"38",0,0,0,0,2.080588756,0,0,0,0,0,0,0,0.880729423,0.834353035,0,0,0,0,0,0,0.83714477,0,0,0,0,0,0,0,1.151970809,0,0,0,0.629893243,0,0,0,0,0,0,0,0,0,0.796792815,0,0,0,0.507769966,0.452122152,0.666239512,0,0,0,0,0,0,0,0,1.361359361,1.524300067,2.590456962,0,2.078611289,0,0,0,0,0.832711635,0,0,0,0,0,0.53351818,2.508127409,0,1.02105044,0,0,0,1.745100274,0.389453154,0,0,0,0.552070525,0,0,0,0.808283684,1.353444649,0,0,0,0,1.972751126,0,0,0.438124531,0,0,0.875907212,0,0,0,0,0,0,1.693691865,0,0.620955149,0,0,0,0,0,0,0,0,0.711696191,0,1.484153602,0,0,0,0,0,0,0,0,0,0,0,0,1.211981339,0,0,0,0,0,0,0,0,0,1.073922772,0,0,0,0,0,0,0,0,0,0,0,0,0,0,0,0,0,0,0,2.3425864,0,0,0,0,0,0,0,0,0,0,0,0,0,0,0,0,0,0,0,0,0,0,0,0,0,0,0,0,0,0,0,0,0,0,0,0,0,0,0,0,0,0,0,0,0,0,0,0,0
"39",0,0,0,0,0,2.714669252,0,0,0,0,0,1.410504387,1.415913094,1.508455301,0,0,0,0,0,0,2.292143892,0,0,0,0,0,0,0,1.935616412,0,0,0,0,0,0,0,0,0,0,0,0,0,0,0,0,0,0,0,0,0,0,1.366001009,0,0,0,0,0,2.659814319,2.324240829,0,0,1.113913825,0,0,0,0,0,2.100168881,0,0,0,0,0,0,0,1.189292671,0,0,0,0,0,0,0,0,0,0,0,0,0,2.956388969,0,0,0,0,0,0,0,1.25316847,0,0,0,0,0,0,0,0,0,0,0,1.542728268,0,0,0,0,0,0,0,0,0,0,0,0,0,0,0,0,0,0,0,0,0,0,0,0,0,0,0,0,0,0,0,0,0,0,0,0,0,0,0,0,0,0,0,0,0,0,0,0,0,0,0,0,0,0,0,0,0,0,0,0,0,0,0,0,0,0,0,0,0,0,0,0,0,0,0,0,0,0,0,0,0,0,0,0,0,0,0,0,0,0,0,0,0,0,0,0,0,0,0,0,0,0,0
"40",0,0,0,0,0,0,0,2.344738979,0,0,0,0,0,0,0,0,0,0,0,0,0,0,0,0,0,0,1.548907651,0,0,0,0,0,0,0,0,0,0,0,0,0,0,0,0,0,0,0,0,0,0,0,0,0,0,0,0,0,0,2.93296854,0,0,0,1.466024244,0,0,0,0,0,2.498141732,0,0,0,0,0,0,0,0,0,0,0,0,0,0,0,0,0,2.685656274,0,0,0,3.369455145,0,0,0,0,0,0,0,0,0,0,0,0,0,0,0,0,0,0,0,2.007984838,0,0,0,0,0,0,0,0,0,0,0,0,0,0,0,0,0,0,0,0,0,0,0,0,0,0,0,0,0,0,0,0,0,0,0,0,0,0,0,0,0,0,0,0,0,0,0,0,0,0,0,0,0,0,0,0,0,0,0,0,0,0,0,0,0,0,0,0,0,0,0,0,0,0,0,0,0,0,0,0,0,0,0,0,0,0,0,0,0,0,0,0,0,0,0,0,0,0,0,0,2.002716743,0,0
"41",0,0,0,0,0,0,0,0,0,0,1.407211535,0,0,0,0,0,0,0,0,0,0,0,0,0.862463698,0.69763731,0.264473165,0,0,0,0,0,0,0,0,0,0.405105698,0.677110746,0,0.678281769,0.988716094,0,0.919289479,1.08420477,0,0,0,0,0,0,0,0,0.624827376,0,0,0,0,0,0.596207853,0,0,0.460362266,1.106665069,0,0,0.404749553,0,0,0,0,1.920082257,0,0,0,0.860082708,0,0,0,0,0,0,0.787642914,1.009345863,0,0,1.244516273,1.913922452,0,1.156137665,0,3.460880611,1.19926542,0,0,0,0,0.502750377,0,0.492810909,0,0,0,0,0.44475088,0.932476878,0,1.422772499,1.358044301,1.473297289,0,0,0,0,0,0,0,0,0,0,0,0,0,0,0.711658023,0,0,0,0,0,0.787601844,0,0,0,0,0,0,0,0,0,0,0,0,0,0,0,0,0,0,0,0,0,0,0,0,0,0,0,0,0,0,0,0,0,0,2.022494152,0,0,0,0,0,0,0,0,0,0,0,0,0,0,0,0,1.207194025,0,0,0,0.630772979,0,0,0,0,0,0,0,0,0,0,0,0,0,0,0,0,0.734398845,0.265494761,0.242613625,0.58917243,0.621711562,0,0,0,0,0,0,0
