Ind1,Ind2,QG
M36,P36,0.4946
M36,M38,0.2238
M36,P38,0.1656
M36,M39,0.1431
M36,P39,0.0993
M36,M2,0.1194
M36,P2,-0.0149
M36,M3,0.0755
M36,P3,0.1125
M36,M4,0.0709
M36,P4,0.0385
M36,M5,0.1392
M36,P5,0.1945
M36,M9,0.0158
M36,P9,0.1026
M36,M15,-0.0249
M36,P15,0.0427
M36,M19,0.1758
M36,P19,0.1138
M36,M26,0.2330
M36,P26,0.0251
M36,M27,0.1157
M36,P27,0.1132
M36,M28,0.1138
M36,P28,0.1896
M36,M29,0.1560
M36,P29,0.1428
M36,M37,0.1251
M36,P37,0.1553
M36,M40,0.1812
M36,P40,0.0888
M36,M41,0.0566
M36,P41,0.1725
M36,M43,0.0674
M36,P43,0.1756
M36,M44,0.1958
M36,P44,0.1539
M36,M45,0.1193
M36,P45,0.0648
M36,M46,0.1022
M36,P46,0.0738
M36,M47,0.2463
M36,P47,0.1274
M36,M48,0.2078
M36,P48,0.1490
M36,M6,0.1155
M36,P6,0.0664
M36,M7,-0.0068
M36,P7,0.0186
M36,M8,0.0176
M36,P8,0.0088
M36,M10,0.0624
M36,P10,-0.0572
M36,M12,-0.0262
M36,P12,0.1153
M36,M14,-0.0637
M36,P14,0.0020
M36,M16,0.1155
M36,P16,0.2787
M36,M17,0.2389
M36,P17,0.1274
M36,M18,0.1374
M36,P18,-0.0209
M36,M20,0.0580
M36,P20,0.1082
M36,M21,0.1717
M36,P21,0.0995
M36,M23,-0.0275
M36,P23,0.0675
M36,M24,0.0870
M36,P24,0.1905
M36,M25,0.1674
M36,P25,0.2582
M36,M30,0.1018
M36,P30,-0.0081
M36,M31,0.0200
M36,P31,-0.0117
M36,M33,0.0578
M36,P33,0.1222
M36,M35,-0.0286
M36,P35,-0.0001
P36,M38,0.1782
P36,P38,0.0518
P36,M39,0.1684
P36,P39,0.0460
P36,M2,0.1640
P36,P2,0.1262
P36,M3,0.0116
P36,P3,0.0876
P36,M4,0.2513
P36,P4,0.0371
P36,M5,0.1143
P36,P5,0.2275
P36,M9,-0.0929
P36,P9,-0.0455
P36,M15,-0.0074
P36,P15,0.1026
P36,M19,0.2260
P36,P19,0.0772
P36,M26,0.0481
P36,P26,0.1004
P36,M27,0.0171
P36,P27,0.0867
P36,M28,0.1559
P36,P28,0.1266
P36,M29,0.1967
P36,P29,0.1389
P36,M37,0.0522
P36,P37,0.0665
P36,M40,0.2794
P36,P40,0.1614
P36,M41,0.0961
P36,P41,0.1435
P36,M43,0.2229
P36,P43,0.1109
P36,M44,0.1987
P36,P44,0.1955
P36,M45,0.0536
P36,P45,0.1685
P36,M46,0.0967
P36,P46,0.0158
P36,M47,0.2403
P36,P47,0.1297
P36,M48,0.2056
P36,P48,0.2035
P36,M6,0.2506
P36,P6,0.0744
P36,M7,0.0154
P36,P7,0.2996
P36,M8,0.0460
P36,P8,0.0048
P36,M10,0.0089
P36,P10,-0.0322
P36,M12,0.0439
P36,P12,0.1836
P36,M14,0.0485
P36,P14,0.0618
P36,M16,0.1459
P36,P16,0.2209
P36,M17,0.2331
P36,P17,0.1703
P36,M18,0.2301
P36,P18,0.1926
P36,M20,0.0897
P36,P20,0.2916
P36,M21,0.1954
P36,P21,0.2462
P36,M23,-0.1160
P36,P23,0.0233
P36,M24,0.0446
P36,P24,0.1703
P36,M25,0.0775
P36,P25,0.2042
P36,M30,0.0730
P36,P30,0.1258
P36,M31,-0.0409
P36,P31,-0.0436
P36,M33,0.0328
P36,P33,0.1340
P36,M35,0.0261
P36,P35,0.0925
M38,P38,0.5098
M38,M39,0.1492
M38,P39,0.2049
M38,M2,0.1393
M38,P2,0.1058
M38,M3,0.0999
M38,P3,0.2233
M38,M4,0.2709
M38,P4,0.2913
M38,M5,0.0504
M38,P5,-0.0731
M38,M9,0.0514
M38,P9,0.0593
M38,M15,0.0773
M38,P15,0.0809
M38,M19,0.1037
M38,P19,0.0678
M38,M26,0.2310
M38,P26,0.3229
M38,M27,0.0932
M38,P27,0.1987
M38,M28,0.1433
M38,P28,0.3170
M38,M29,0.0919
M38,P29,0.1560
M38,M37,0.1937
M38,P37,0.0022
M38,M40,0.1482
M38,P40,0.1965
M38,M41,0.1422
M38,P41,0.2245
M38,M43,0.1400
M38,P43,0.0596
M38,M44,0.1995
M38,P44,0.1963
M38,M45,0.2103
M38,P45,0.2117
M38,M46,-0.0012
M38,P46,0.0839
M38,M47,0.2453
M38,P47,0.0866
M38,M48,0.1602
M38,P48,0.1841
M38,M6,0.2039
M38,P6,0.1078
M38,M7,0.0508
M38,P7,0.0677
M38,M8,0.1379
M38,P8,0.2249
M38,M10,0.0469
M38,P10,0.0498
M38,M12,0.2227
M38,P12,-0.0493
M38,M14,0.1364
M38,P14,0.2782
M38,M16,0.1355
M38,P16,0.1865
M38,M17,0.1637
M38,P17,0.2096
M38,M18,0.1683
M38,P18,0.0999
M38,M20,0.1152
M38,P20,0.0528
M38,M21,0.0187
M38,P21,0.1612
M38,M23,-0.0054
M38,P23,0.0556
M38,M24,0.0056
M38,P24,0.0395
M38,M25,0.1611
M38,P25,0.3403
M38,M30,0.1201
M38,P30,0.0876
M38,M31,0.0469
M38,P31,-0.0655
M38,M33,0.0060
M38,P33,0.1394
M38,M35,0.1164
M38,P35,0.2528
P38,M39,0.1024
P38,P39,0.1981
P38,M2,0.1943
P38,P2,0.1306
P38,M3,0.0001
P38,P3,0.1618
P38,M4,0.2045
P38,P4,0.2924
P38,M5,0.1863
P38,P5,0.0547
P38,M9,0.0534
P38,P9,0.1468
P38,M15,0.0657
P38,P15,0.1326
P38,M19,0.1818
P38,P19,0.0720
P38,M26,0.2049
P38,P26,0.2303
P38,M27,0.0331
P38,P27,0.1339
P38,M28,0.1361
P38,P28,0.2727
P38,M29,0.0927
P38,P29,0.1496
P38,M37,0.2239
P38,P37,0.1613
P38,M40,0.0438
P38,P40,0.1282
P38,M41,0.2596
P38,P41,0.2981
P38,M43,0.1486
P38,P43,0.1251
P38,M44,0.3001
P38,P44,0.2365
P38,M45,0.2949
P38,P45,0.3182
P38,M46,0.0878
P38,P46,0.1555
P38,M47,0.2405
P38,P47,0.0755
P38,M48,0.1584
P38,P48,0.1906
P38,M6,0.1254
P38,P6,0.0757
P38,M7,0.1290
P38,P7,0.1000
P38,M8,0.1672
P38,P8,0.1627
P38,M10,0.1344
P38,P10,-0.0817
P38,M12,0.0883
P38,P12,0.1157
P38,M14,0.0244
P38,P14,0.1308
P38,M16,0.1698
P38,P16,0.2738
P38,M17,0.1967
P38,P17,0.1379
P38,M18,0.1168
P38,P18,0.0666
P38,M20,0.0479
P38,P20,-0.0104
P38,M21,0.0418
P38,P21,0.0718
P38,M23,0.0553
P38,P23,0.1025
P38,M24,0.0720
P38,P24,0.0899
P38,M25,0.2726
P38,P25,0.3049
P38,M30,0.2562
P38,P30,0.0861
P38,M31,0.0479
P38,P31,0.0391
P38,M33,0.1664
P38,P33,0.2613
P38,M35,0.1077
P38,P35,0.1922
M39,P39,0.6287
M39,M2,0.3010
M39,P2,0.1377
M39,M3,0.0408
M39,P3,0.1648
M39,M4,0.1214
M39,P4,0.1598
M39,M5,0.0587
M39,P5,0.0733
M39,M9,0.1563
M39,P9,0.0912
M39,M15,0.0072
M39,P15,0.1502
M39,M19,0.1421
M39,P19,0.1524
M39,M26,0.1215
M39,P26,0.1357
M39,M27,0.0361
M39,P27,0.0415
M39,M28,0.0379
M39,P28,0.0951
M39,M29,0.1446
M39,P29,0.1703
M39,M37,0.1057
M39,P37,0.2641
M39,M40,0.3220
M39,P40,0.2864
M39,M41,-0.0023
M39,P41,0.0528
M39,M43,0.3212
M39,P43,0.0878
M39,M44,0.0263
M39,P44,0.0911
M39,M45,0.1317
M39,P45,0.1258
M39,M46,0.1679
M39,P46,0.1909
M39,M47,0.2243
M39,P47,0.1904
M39,M48,0.2600
M39,P48,0.1860
M39,M6,0.0013
M39,P6,0.0415
M39,M7,0.1164
M39,P7,0.2103
M39,M8,0.1756
M39,P8,0.0767
M39,M10,0.1507
M39,P10,0.2398
M39,M12,0.2124
M39,P12,0.1205
M39,M14,0.4275
M39,P14,0.2850
M39,M16,0.0646
M39,P16,0.1170
M39,M17,0.1715
M39,P17,0.1769
M39,M18,0.1285
M39,P18,0.0352
M39,M20,0.0794
M39,P20,0.0904
M39,M21,0.1896
M39,P21,0.2363
M39,M23,0.0883
M39,P23,0.1408
M39,M24,0.0220
M39,P24,0.0030
M39,M25,0.0965
M39,P25,0.1747
M39,M30,0.1110
M39,P30,0.0063
M39,M31,0.1079
M39,P31,0.1456
M39,M33,0.1915
M39,P33,0.2371
M39,M35,0.1409
M39,P35,0.0396
P39,M2,0.1852
P39,P2,0.0468
P39,M3,0.2188
P39,P3,0.2131
P39,M4,0.3126
P39,P4,0.2963
P39,M5,0.1555
P39,P5,0.1459
P39,M9,0.1496
P39,P9,0.1150
P39,M15,0.0058
P39,P15,0.1719
P39,M19,0.2632
P39,P19,0.2998
P39,M26,0.0893
P39,P26,0.1261
P39,M27,0.0746
P39,P27,0.0937
P39,M28,0.1761
P39,P28,0.1138
P39,M29,0.0760
P39,P29,0.1702
P39,M37,0.1591
P39,P37,0.1808
P39,M40,0.2026
P39,P40,0.2968
P39,M41,0.0120
P39,P41,0.0426
P39,M43,0.1420
P39,P43,0.2217
P39,M44,0.0194
P39,P44,0.1311
P39,M45,0.0575
P39,P45,0.1791
P39,M46,0.2737
P39,P46,0.2631
P39,M47,0.1857
P39,P47,0.1368
P39,M48,0.2580
P39,P48,0.2464
P39,M6,0.0216
P39,P6,0.0968
P39,M7,0.4092
P39,P7,0.1552
P39,M8,0.1430
P39,P8,0.1760
P39,M10,0.1540
P39,P10,0.1734
P39,M12,0.0781
P39,P12,0.0294
P39,M14,0.3612
P39,P14,0.2598
P39,M16,0.1061
P39,P16,0.0623
P39,M17,0.2126
P39,P17,0.0890
P39,M18,-0.1131
P39,P18,-0.0057
P39,M20,0.3019
P39,P20,0.0501
P39,M21,0.2986
P39,P21,0.2995
P39,M23,0.1816
P39,P23,0.1730
P39,M24,0.0901
P39,P24,0.1246
P39,M25,0.2126
P39,P25,0.1978
P39,M30,0.1544
P39,P30,0.1381
P39,M31,-0.0414
P39,P31,0.0958
P39,M33,0.1465
P39,P33,0.2350
P39,M35,0.2195
P39,P35,0.0424
M2,P2,0.5455
M2,M3,0.0542
M2,P3,0.0792
M2,M4,0.0594
M2,P4,-0.0274
M2,M5,0.1834
M2,P5,0.2214
M2,M9,0.1481
M2,P9,0.2281
M2,M15,-0.0034
M2,P15,0.0861
M2,M19,0.0528
M2,P19,0.1180
M2,M26,0.1061
M2,P26,0.0667
M2,M27,0.0092
M2,P27,0.0302
M2,M28,0.0595
M2,P28,0.1223
M2,M29,0.0405
M2,P29,0.1673
M2,M37,0.0898
M2,P37,0.0178
M2,M40,0.2687
M2,P40,0.1716
M2,M41,0.0954
M2,P41,0.1191
M2,M43,0.1699
M2,P43,0.1617
M2,M44,0.0510
M2,P44,0.0299
M2,M45,0.1177
M2,P45,0.1477
M2,M46,0.1448
M2,P46,0.0434
M2,M47,0.0917
M2,P47,0.1429
M2,M48,0.1094
M2,P48,0.1014
M2,M6,0.2224
M2,P6,0.1496
M2,M7,-0.0102
M2,P7,0.0310
M2,M8,0.2378
M2,P8,0.0632
M2,M10,0.0700
M2,P10,0.0280
M2,M12,0.1918
M2,P12,0.0678
M2,M14,0.0951
M2,P14,0.1102
M2,M16,0.1302
M2,P16,0.1316
M2,M17,0.2573
M2,P17,0.3106
M2,M18,0.1304
M2,P18,0.0729
M2,M20,0.1066
M2,P20,-0.0082
M2,M21,0.1092
M2,P21,0.1338
M2,M23,0.0751
M2,P23,0.1869
M2,M24,-0.0644
M2,P24,-0.0683
M2,M25,0.1738
M2,P25,0.0591
M2,M30,0.2245
M2,P30,0.2799
M2,M31,0.0073
M2,P31,0.0721
M2,M33,0.1501
M2,P33,0.1527
M2,M35,0.1407
M2,P35,0.1329
P2,M3,0.1758
P2,P3,0.2140
P2,M4,0.1697
P2,P4,0.1916
P2,M5,0.0820
P2,P5,0.1158
P2,M9,0.0788
P2,P9,0.2157
P2,M15,0.1339
P2,P15,0.0909
P2,M19,0.0906
P2,P19,0.0601
P2,M26,0.0327
P2,P26,0.1885
P2,M27,0.1174
P2,P27,0.0844
P2,M28,-0.0636
P2,P28,0.3294
P2,M29,0.1767
P2,P29,0.1887
P2,M37,0.0991
P2,P37,0.0626
P2,M40,0.2406
P2,P40,0.2140
P2,M41,0.0360
P2,P41,0.0922
P2,M43,0.1920
P2,P43,0.0260
P2,M44,0.0790
P2,P44,0.0129
P2,M45,0.0699
P2,P45,0.1259
P2,M46,0.1023
P2,P46,0.0991
P2,M47,0.1442
P2,P47,0.2271
P2,M48,-0.0316
P2,P48,0.0210
P2,M6,0.2493
P2,P6,0.1775
P2,M7,0.1207
P2,P7,0.2415
P2,M8,0.3529
P2,P8,0.1684
P2,M10,0.0959
P2,P10,0.1221
P2,M12,0.1751
P2,P12,0.1288
P2,M14,0.1212
P2,P14,0.1310
P2,M16,0.1032
P2,P16,0.0533
P2,M17,0.1723
P2,P17,0.0828
P2,M18,0.0827
P2,P18,0.0694
P2,M20,0.0911
P2,P20,0.1192
P2,M21,0.0172
P2,P21,0.1039
P2,M23,0.1235
P2,P23,0.2175
P2,M24,0.0894
P2,P24,-0.0941
P2,M25,0.3799
P2,P25,0.2146
P2,M30,0.1979
P2,P30,0.3487
P2,M31,0.0564
P2,P31,0.0063
P2,M33,0.0481
P2,P33,0.0875
P2,M35,0.2830
P2,P35,0.2350
M3,P3,0.5014
M3,M4,0.0722
M3,P4,0.1020
M3,M5,0.1690
M3,P5,0.0100
M3,M9,0.1111
M3,P9,0.1720
M3,M15,0.0941
M3,P15,0.1979
M3,M19,0.0148
M3,P19,0.1481
M3,M26,0.0514
M3,P26,0.0641
M3,M27,0.1186
M3,P27,0.0964
M3,M28,0.1989
M3,P28,0.2349
M3,M29,0.2010
M3,P29,0.0484
M3,M37,0.0871
M3,P37,0.2256
M3,M40,0.2240
M3,P40,0.2803
M3,M41,0.0372
M3,P41,0.1246
M3,M43,0.2025
M3,P43,0.0899
M3,M44,-0.0399
M3,P44,0.0241
M3,M45,-0.0016
M3,P45,0.0714
M3,M46,0.1734
M3,P46,0.2206
M3,M47,0.1380
M3,P47,0.0683
M3,M48,0.1934
M3,P48,0.1611
M3,M6,0.1427
M3,P6,0.1513
M3,M7,0.1396
M3,P7,0.0721
M3,M8,0.1335
M3,P8,0.1817
M3,M10,0.1176
M3,P10,0.2161
M3,M12,0.0998
M3,P12,0.0562
M3,M14,0.1796
M3,P14,0.0924
M3,M16,0.2251
M3,P16,0.1371
M3,M17,0.0507
M3,P17,0.0802
M3,M18,0.2545
M3,P18,0.0059
M3,M20,0.2077
M3,P20,0.2001
M3,M21,0.2084
M3,P21,0.2353
M3,M23,0.1710
M3,P23,0.1019
M3,M24,-0.0010
M3,P24,0.0274
M3,M25,0.1637
M3,P25,0.1276
M3,M30,0.1487
M3,P30,0.2523
M3,M31,0.2582
M3,P31,0.0783
M3,M33,0.1471
M3,P33,0.0980
M3,M35,-0.0224
M3,P35,0.0099
P3,M4,0.1562
P3,P4,0.1421
P3,M5,0.0184
P3,P5,0.0853
P3,M9,0.1807
P3,P9,0.0629
P3,M15,0.2058
P3,P15,0.3304
P3,M19,-0.0040
P3,P19,0.0802
P3,M26,0.1254
P3,P26,0.1043
P3,M27,0.1297
P3,P27,0.1740
P3,M28,0.1289
P3,P28,0.2473
P3,M29,0.1861
P3,P29,0.1915
P3,M37,0.1492
P3,P37,0.1020
P3,M40,0.3694
P3,P40,0.2117
P3,M41,0.1169
P3,P41,0.1095
P3,M43,0.2403
P3,P43,0.0162
P3,M44,0.0315
P3,P44,0.0696
P3,M45,0.1829
P3,P45,0.1107
P3,M46,0.1930
P3,P46,0.2471
P3,M47,0.1980
P3,P47,0.0625
P3,M48,0.1742
P3,P48,0.4589
P3,M6,0.2100
P3,P6,0.0637
P3,M7,0.0642
P3,P7,0.1407
P3,M8,0.2093
P3,P8,0.2944
P3,M10,0.0473
P3,P10,0.1526
P3,M12,0.2094
P3,P12,-0.0476
P3,M14,0.0946
P3,P14,0.0489
P3,M16,0.1284
P3,P16,0.1151
P3,M17,0.0754
P3,P17,0.0798
P3,M18,0.3364
P3,P18,0.0163
P3,M20,0.2354
P3,P20,0.1717
P3,M21,0.0376
P3,P21,0.1195
P3,M23,0.1632
P3,P23,0.1285
P3,M24,0.1249
P3,P24,-0.0253
P3,M25,0.2512
P3,P25,-0.0535
P3,M30,0.1782
P3,P30,0.1913
P3,M31,0.3870
P3,P31,0.2137
P3,M33,0.1369
P3,P33,0.0322
P3,M35,0.1418
P3,P35,0.1213
M4,P4,0.5509
M4,M5,-0.1146
M4,P5,-0.0490
M4,M9,0.0948
M4,P9,0.0289
M4,M15,0.0967
M4,P15,0.2224
M4,M19,0.2127
M4,P19,0.0571
M4,M26,0.2407
M4,P26,0.2681
M4,M27,0.1233
M4,P27,0.0296
M4,M28,0.0670
M4,P28,0.2609
M4,M29,0.1105
M4,P29,-0.0051
M4,M37,0.2092
M4,P37,0.1087
M4,M40,0.0579
M4,P40,0.1531
M4,M41,0.0114
M4,P41,-0.0433
M4,M43,0.1515
M4,P43,0.0360
M4,M44,0.0857
M4,P44,0.2024
M4,M45,0.0574
M4,P45,0.1501
M4,M46,0.1164
M4,P46,0.1644
M4,M47,0.0827
M4,P47,0.0289
M4,M48,0.0699
M4,P48,0.0814
M4,M6,0.1638
M4,P6,0.2458
M4,M7,0.2371
M4,P7,0.1362
M4,M8,0.1389
M4,P8,0.2462
M4,M10,0.1862
M4,P10,0.2814
M4,M12,0.0130
M4,P12,-0.0305
M4,M14,0.2407
M4,P14,0.1266
M4,M16,0.1387
M4,P16,0.2033
M4,M17,0.1427
M4,P17,0.2039
M4,M18,0.0339
M4,P18,0.1103
M4,M20,0.1175
M4,P20,0.1833
M4,M21,0.1579
M4,P21,0.1218
M4,M23,0.1367
M4,P23,0.1409
M4,M24,-0.0019
M4,P24,0.0862
M4,M25,0.2566
M4,P25,0.2686
M4,M30,0.1187
M4,P30,-0.1078
M4,M31,0.1238
M4,P31,-0.0241
M4,M33,0.0408
M4,P33,0.1361
M4,M35,0.0683
M4,P35,0.0722
P4,M5,0.1261
P4,P5,0.0298
P4,M9,0.1022
P4,P9,0.0320
P4,M15,0.0940
P4,P15,0.2188
P4,M19,0.2226
P4,P19,0.1498
P4,M26,0.1080
P4,P26,0.2237
P4,M27,0.1634
P4,P27,0.1352
P4,M28,0.0528
P4,P28,0.3030
P4,M29,0.1774
P4,P29,0.0378
P4,M37,0.1638
P4,P37,0.0316
P4,M40,0.1149
P4,P40,0.1874
P4,M41,0.1652
P4,P41,0.2328
P4,M43,0.1123
P4,P43,0.1987
P4,M44,0.0675
P4,P44,0.1451
P4,M45,0.1817
P4,P45,0.1387
P4,M46,0.0261
P4,P46,0.1568
P4,M47,0.0872
P4,P47,0.1513
P4,M48,0.0239
P4,P48,0.0906
P4,M6,0.1320
P4,P6,0.1616
P4,M7,0.1966
P4,P7,0.1657
P4,M8,0.2906
P4,P8,0.0930
P4,M10,0.0535
P4,P10,0.2024
P4,M12,0.1018
P4,P12,0.0448
P4,M14,0.2846
P4,P14,0.2081
P4,M16,0.2977
P4,P16,0.2540
P4,M17,0.1680
P4,P17,0.0590
P4,M18,-0.0106
P4,P18,0.0585
P4,M20,0.1628
P4,P20,0.1780
P4,M21,0.1510
P4,P21,0.1768
P4,M23,0.1224
P4,P23,0.0010
P4,M24,0.0409
P4,P24,0.0959
P4,M25,0.2231
P4,P25,0.2227
P4,M30,0.1850
P4,P30,0.0813
P4,M31,0.0508
P4,P31,0.0043
P4,M33,0.2043
P4,P33,0.1133
P4,M35,0.1614
P4,P35,-0.0005
M5,P5,0.5640
M5,M9,0.2087
M5,P9,0.2916
M5,M15,0.0867
M5,P15,0.0843
M5,M19,0.2109
M5,P19,0.3030
M5,M26,0.0391
M5,P26,0.0259
M5,M27,0.1071
M5,P27,0.0641
M5,M28,0.1428
M5,P28,0.2307
M5,M29,0.1900
M5,P29,0.2007
M5,M37,0.0982
M5,P37,0.1212
M5,M40,0.1852
M5,P40,0.1487
M5,M41,0.2005
M5,P41,0.2947
M5,M43,0.0978
M5,P43,0.3274
M5,M44,0.2169
M5,P44,0.0269
M5,M45,0.2394
M5,P45,0.1986
M5,M46,0.0817
M5,P46,-0.0456
M5,M47,0.0253
M5,P47,-0.0507
M5,M48,0.0966
M5,P48,0.0760
M5,M6,-0.0143
M5,P6,0.0822
M5,M7,0.0603
M5,P7,0.0031
M5,M8,0.0490
M5,P8,-0.1027
M5,M10,0.1489
M5,P10,0.0738
M5,M12,0.0996
M5,P12,0.1654
M5,M14,-0.0385
M5,P14,0.1547
M5,M16,0.1225
M5,P16,0.0155
M5,M17,0.0932
M5,P17,-0.0042
M5,M18,0.1155
M5,P18,0.0071
M5,M20,0.0669
M5,P20,0.1985
M5,M21,0.0724
M5,P21,0.1882
M5,M23,0.0786
M5,P23,-0.0069
M5,M24,0.0486
M5,P24,0.0159
M5,M25,0.1570
M5,P25,0.2734
M5,M30,0.3077
M5,P30,0.2845
M5,M31,0.0152
M5,P31,0.0589
M5,M33,0.1417
M5,P33,0.0780
M5,M35,0.1480
M5,P35,0.0009
P5,M9,0.2314
P5,P9,0.3137
P5,M15,0.0943
P5,P15,0.0527
P5,M19,0.1292
P5,P19,0.1959
P5,M26,-0.1274
P5,P26,-0.0220
P5,M27,0.1026
P5,P27,0.0730
P5,M28,0.1484
P5,P28,0.1245
P5,M29,0.2013
P5,P29,0.1980
P5,M37,0.1342
P5,P37,0.1787
P5,M40,0.2963
P5,P40,0.1639
P5,M41,0.1695
P5,P41,0.2155
P5,M43,0.1158
P5,P43,0.1283
P5,M44,0.0439
P5,P44,0.1171
P5,M45,0.2590
P5,P45,0.0992
P5,M46,0.1026
P5,P46,-0.0550
P5,M47,0.0751
P5,P47,-0.0377
P5,M48,0.1223
P5,P48,0.3844
P5,M6,0.1825
P5,P6,0.0307
P5,M7,0.1127
P5,P7,0.2024
P5,M8,0.0759
P5,P8,0.0572
P5,M10,0.1637
P5,P10,0.0504
P5,M12,0.0712
P5,P12,0.0583
P5,M14,-0.0998
P5,P14,0.0974
P5,M16,0.1080
P5,P16,0.1741
P5,M17,0.1119
P5,P17,0.2287
P5,M18,0.1353
P5,P18,0.2145
P5,M20,0.1991
P5,P20,0.3153
P5,M21,0.0104
P5,P21,0.0917
P5,M23,0.1468
P5,P23,0.2199
P5,M24,0.1459
P5,P24,0.0848
P5,M25,0.1995
P5,P25,0.2136
P5,M30,0.2516
P5,P30,0.2503
P5,M31,-0.0902
P5,P31,0.0641
P5,M33,0.1526
P5,P33,0.0718
P5,M35,0.1178
P5,P35,0.1037
M9,P9,0.5882
M9,M15,0.2443
M9,P15,0.1312
M9,M19,0.0956
M9,P19,0.0925
M9,M26,-0.0456
M9,P26,0.0829
M9,M27,0.1914
M9,P27,0.2603
M9,M28,0.1833
M9,P28,0.2113
M9,M29,0.1092
M9,P29,0.1370
M9,M37,0.0341
M9,P37,0.0838
M9,M40,0.0227
M9,P40,-0.0243
M9,M41,0.0550
M9,P41,0.0620
M9,M43,0.0639
M9,P43,0.1742
M9,M44,-0.0064
M9,P44,-0.0967
M9,M45,0.2485
M9,P45,0.0760
M9,M46,0.1639
M9,P46,0.0470
M9,M47,0.0256
M9,P47,0.0005
M9,M48,0.0756
M9,P48,0.1227
M9,M6,0.2195
M9,P6,0.1085
M9,M7,0.0538
M9,P7,0.0748
M9,M8,0.1453
M9,P8,0.1511
M9,M10,0.0099
M9,P10,0.0539
M9,M12,0.2001
M9,P12,-0.0536
M9,M14,0.0575
M9,P14,0.0827
M9,M16,-0.0105
M9,P16,0.0214
M9,M17,0.1926
M9,P17,0.1341
M9,M18,0.0498
M9,P18,-0.0580
M9,M20,0.1309
M9,P20,0.0535
M9,M21,0.0482
M9,P21,0.1325
M9,M23,0.1000
M9,P23,0.0968
M9,M24,0.1250
M9,P24,0.0942
M9,M25,0.1676
M9,P25,0.0634
M9,M30,0.1397
M9,P30,-0.1022
M9,M31,-0.0088
M9,P31,0.0907
M9,M33,0.1853
M9,P33,0.1394
M9,M35,0.2010
M9,P35,-0.0381
P9,M15,0.2129
P9,P15,0.1262
P9,M19,0.1795
P9,P19,0.1515
P9,M26,0.0924
P9,P26,0.1719
P9,M27,0.1532
P9,P27,0.1114
P9,M28,0.1149
P9,P28,0.0415
P9,M29,0.0644
P9,P29,0.0845
P9,M37,0.1640
P9,P37,0.1529
P9,M40,0.1767
P9,P40,0.1438
P9,M41,0.1693
P9,P41,0.1715
P9,M43,0.0355
P9,P43,0.1538
P9,M44,0.0361
P9,P44,-0.0380
P9,M45,0.2891
P9,P45,0.1479
P9,M46,0.2348
P9,P46,0.1531
P9,M47,0.1041
P9,P47,0.0615
P9,M48,0.1214
P9,P48,0.0836
P9,M6,0.0810
P9,P6,0.1736
P9,M7,0.1538
P9,P7,0.2047
P9,M8,0.1093
P9,P8,0.0455
P9,M10,0.0588
P9,P10,0.0777
P9,M12,0.1746
P9,P12,0.0910
P9,M14,0.1290
P9,P14,0.0513
P9,M16,0.0445
P9,P16,0.0371
P9,M17,0.2836
P9,P17,0.1834
P9,M18,0.0609
P9,P18,0.0557
P9,M20,0.0050
P9,P20,-0.0315
P9,M21,0.0922
P9,P21,0.2225
P9,M23,0.1629
P9,P23,0.1386
P9,M24,0.1201
P9,P24,0.0581
P9,M25,0.1030
P9,P25,0.2859
P9,M30,0.2744
P9,P30,0.0589
P9,M31,0.0005
P9,P31,-0.0364
P9,M33,0.0619
P9,P33,0.0331
P9,M35,0.1747
P9,P35,-0.0061
M15,P15,0.5457
M15,M19,0.0535
M15,P19,-0.0120
M15,M26,0.1103
M15,P26,0.1070
M15,M27,0.2115
M15,P27,0.0429
M15,M28,0.1268
M15,P28,0.1027
M15,M29,0.1184
M15,P29,0.1032
M15,M37,-0.0943
M15,P37,0.0830
M15,M40,-0.1449
M15,P40,-0.0751
M15,M41,0.0893
M15,P41,0.1034
M15,M43,0.1262
M15,P43,0.1389
M15,M44,0.1690
M15,P44,0.0371
M15,M45,0.1188
M15,P45,0.0165
M15,M46,0.0706
M15,P46,0.0063
M15,M47,-0.0111
M15,P47,-0.1353
M15,M48,-0.0041
M15,P48,0.0684
M15,M6,0.2413
M15,P6,0.1568
M15,M7,0.1430
M15,P7,0.1146
M15,M8,0.0051
M15,P8,0.0639
M15,M10,0.1425
M15,P10,0.0594
M15,M12,0.1118
M15,P12,0.0410
M15,M14,-0.1163
M15,P14,0.0808
M15,M16,-0.0210
M15,P16,-0.0079
M15,M17,0.1272
M15,P17,0.0610
M15,M18,0.2373
M15,P18,0.1277
M15,M20,0.0931
M15,P20,-0.0015
M15,M21,0.0001
M15,P21,0.0406
M15,M23,0.1196
M15,P23,0.1700
M15,M24,0.1881
M15,P24,0.0914
M15,M25,0.1036
M15,P25,0.0453
M15,M30,0.0888
M15,P30,0.2005
M15,M31,0.1174
M15,P31,0.1206
M15,M33,0.1167
M15,P33,0.1171
M15,M35,0.1502
M15,P35,0.0093
P15,M19,0.0657
P15,P19,0.0856
P15,M26,0.1232
P15,P26,0.1032
P15,M27,0.2520
P15,P27,0.0992
P15,M28,0.1354
P15,P28,0.2080
P15,M29,0.0341
P15,P29,0.0479
P15,M37,0.1049
P15,P37,0.1395
P15,M40,0.1173
P15,P40,0.1068
P15,M41,0.1495
P15,P41,0.0879
P15,M43,0.2642
P15,P43,0.0787
P15,M44,0.1487
P15,P44,0.0603
P15,M45,0.1552
P15,P45,0.2240
P15,M46,0.0638
P15,P46,0.2023
P15,M47,0.1164
P15,P47,0.1101
P15,M48,0.1835
P15,P48,0.2594
P15,M6,0.1474
P15,P6,0.0580
P15,M7,0.1689
P15,P7,0.1739
P15,M8,0.1075
P15,P8,-0.0520
P15,M10,0.1520
P15,P10,0.1041
P15,M12,0.0525
P15,P12,0.1458
P15,M14,0.1392
P15,P14,0.1712
P15,M16,0.2328
P15,P16,0.1803
P15,M17,0.3068
P15,P17,0.0818
P15,M18,0.2538
P15,P18,0.1076
P15,M20,0.0008
P15,P20,0.0185
P15,M21,0.1929
P15,P21,0.1944
P15,M23,0.2382
P15,P23,0.1990
P15,M24,0.2353
P15,P24,0.2340
P15,M25,0.1975
P15,P25,0.1220
P15,M30,0.2621
P15,P30,0.1892
P15,M31,0.1517
P15,P31,0.0476
P15,M33,0.1439
P15,P33,0.1359
P15,M35,0.0589
P15,P35,-0.0194
M19,P19,0.6555
M19,M26,0.2050
M19,P26,0.2771
M19,M27,0.1231
M19,P27,-0.1003
M19,M28,0.0767
M19,P28,0.1480
M19,M29,0.1571
M19,P29,0.1900
M19,M37,0.1858
M19,P37,0.1515
M19,M40,0.1898
M19,P40,0.3088
M19,M41,-0.0304
M19,P41,0.0963
M19,M43,0.1160
M19,P43,0.1503
M19,M44,0.2158
M19,P44,0.1995
M19,M45,0.0856
M19,P45,0.1400
M19,M46,0.1027
M19,P46,0.0953
M19,M47,0.1229
M19,P47,0.0362
M19,M48,-0.0464
M19,P48,-0.0610
M19,M6,0.0892
M19,P6,0.1410
M19,M7,0.1741
M19,P7,0.1672
M19,M8,0.1495
M19,P8,0.1437
M19,M10,0.1116
M19,P10,0.0668
M19,M12,-0.0458
M19,P12,0.0983
M19,M14,0.1178
M19,P14,0.0290
M19,M16,0.1749
M19,P16,0.0655
M19,M17,0.2997
M19,P17,0.1969
M19,M18,0.0355
M19,P18,0.0577
M19,M20,0.2018
M19,P20,0.1435
M19,M21,-0.0469
M19,P21,0.0189
M19,M23,0.0790
M19,P23,0.0645
M19,M24,0.1061
M19,P24,0.1018
M19,M25,0.3086
M19,P25,0.2375
M19,M30,0.1713
M19,P30,0.1612
M19,M31,0.1741
M19,P31,0.1421
M19,M33,-0.0387
M19,P33,0.1157
M19,M35,0.2618
M19,P35,0.1779
P19,M26,0.0693
P19,P26,0.1363
P19,M27,0.1160
P19,P27,-0.0157
P19,M28,0.1406
P19,P28,0.1384
P19,M29,0.0481
P19,P29,0.0582
P19,M37,0.2864
P19,P37,0.1744
P19,M40,0.1488
P19,P40,0.2766
P19,M41,0.0528
P19,P41,0.0718
P19,M43,0.1965
P19,P43,0.2445
P19,M44,0.1518
P19,P44,0.1202
P19,M45,0.0623
P19,P45,0.1045
P19,M46,0.1640
P19,P46,0.0867
P19,M47,0.1630
P19,P47,0.0624
P19,M48,0.1043
P19,P48,0.0820
P19,M6,0.2296
P19,P6,0.0960
P19,M7,0.2229
P19,P7,0.1145
P19,M8,0.0913
P19,P8,0.0782
P19,M10,0.0720
P19,P10,0.1295
P19,M12,-0.0951
P19,P12,-0.0091
P19,M14,0.0086
P19,P14,0.0811
P19,M16,0.1735
P19,P16,0.1179
P19,M17,0.3245
P19,P17,0.1344
P19,M18,0.0539
P19,P18,0.0385
P19,M20,0.1270
P19,P20,0.0648
P19,M21,-0.0181
P19,P21,0.0577
P19,M23,0.2385
P19,P23,0.1244
P19,M24,0.0675
P19,P24,-0.0067
P19,M25,0.2776
P19,P25,0.2859
P19,M30,0.1468
P19,P30,0.2376
P19,M31,0.1874
P19,P31,0.1478
P19,M33,0.0974
P19,P33,0.1768
P19,M35,0.0890
P19,P35,0.1149
M26,P26,0.5637
M26,M27,0.1268
M26,P27,0.0463
M26,M28,0.0015
M26,P28,0.1588
M26,M29,0.1016
M26,P29,0.0610
M26,M37,0.1206
M26,P37,0.1738
M26,M40,0.0962
M26,P40,0.0373
M26,M41,0.1597
M26,P41,0.0757
M26,M43,0.1037
M26,P43,0.0204
M26,M44,0.0060
M26,P44,0.0931
M26,M45,0.0864
M26,P45,0.1349
M26,M46,0.0778
M26,P46,0.1414
M26,M47,0.1476
M26,P47,0.1913
M26,M48,0.0316
M26,P48,0.1320
M26,M6,0.0654
M26,P6,0.0415
M26,M7,0.0709
M26,P7,0.0381
M26,M8,0.0808
M26,P8,0.1420
M26,M10,0.1947
M26,P10,0.1434
M26,M12,0.0372
M26,P12,0.0873
M26,M14,0.1243
M26,P14,0.0149
M26,M16,0.2181
M26,P16,0.2635
M26,M17,0.1287
M26,P17,-0.0311
M26,M18,0.0844
M26,P18,-0.0149
M26,M20,0.0941
M26,P20,0.0044
M26,M21,0.0864
M26,P21,0.0058
M26,M23,0.0432
M26,P23,0.0917
M26,M24,0.0328
M26,P24,0.0916
M26,M25,0.1822
M26,P25,0.4417
M26,M30,0.0938
M26,P30,0.0103
M26,M31,0.1599
M26,P31,0.0537
M26,M33,0.0306
M26,P33,-0.0427
M26,M35,0.2393
M26,P35,0.1409
P26,M27,0.0784
P26,P27,0.0606
P26,M28,0.0299
P26,P28,0.1112
P26,M29,0.0789
P26,P29,0.1472
P26,M37,0.1771
P26,P37,0.2672
P26,M40,0.1167
P26,P40,0.1473
P26,M41,0.1880
P26,P41,0.2284
P26,M43,0.0996
P26,P43,-0.0242
P26,M44,-0.0025
P26,P44,0.0132
P26,M45,0.2367
P26,P45,0.1686
P26,M46,0.0896
P26,P46,0.1860
P26,M47,0.1644
P26,P47,0.1661
P26,M48,0.1052
P26,P48,0.0995
P26,M6,-0.0227
P26,P6,0.0499
P26,M7,0.2435
P26,P7,0.2415
P26,M8,0.1895
P26,P8,0.1678
P26,M10,0.0710
P26,P10,0.1049
P26,M12,0.1283
P26,P12,0.0325
P26,M14,0.2133
P26,P14,0.0902
P26,M16,0.1779
P26,P16,0.2899
P26,M17,0.0240
P26,P17,0.0668
P26,M18,0.1222
P26,P18,0.0085
P26,M20,0.0971
P26,P20,-0.0244
P26,M21,0.0872
P26,P21,0.0926
P26,M23,0.1627
P26,P23,0.1325
P26,M24,0.0821
P26,P24,0.0828
P26,M25,0.2097
P26,P25,0.2838
P26,M30,0.1231
P26,P30,0.0297
P26,M31,0.1246
P26,P31,0.1122
P26,M33,-0.0068
P26,P33,0.0748
P26,M35,0.3458
P26,P35,0.3499
M27,P27,0.4818
M27,M28,0.0122
M27,P28,0.1123
M27,M29,0.0083
M27,P29,0.0949
M27,M37,0.1017
M27,P37,0.1699
M27,M40,0.0910
M27,P40,0.0492
M27,M41,0.0136
M27,P41,0.0745
M27,M43,0.1858
M27,P43,0.0741
M27,M44,0.1694
M27,P44,0.2871
M27,M45,0.2197
M27,P45,-0.0133
M27,M46,-0.1091
M27,P46,0.0050
M27,M47,-0.0084
M27,P47,0.0304
M27,M48,0.1184
M27,P48,0.1292
M27,M6,0.1347
M27,P6,0.1777
M27,M7,0.0776
M27,P7,-0.0331
M27,M8,0.1512
M27,P8,0.1263
M27,M10,0.2578
M27,P10,0.2961
M27,M12,0.1819
M27,P12,0.0359
M27,M14,0.0593
M27,P14,0.0251
M27,M16,0.2080
M27,P16,0.1690
M27,M17,0.1482
M27,P17,0.0655
M27,M18,0.1066
M27,P18,-0.0175
M27,M20,0.2157
M27,P20,0.0985
M27,M21,0.2549
M27,P21,0.0989
M27,M23,0.2166
M27,P23,0.1330
M27,M24,0.2322
M27,P24,0.0903
M27,M25,0.2957
M27,P25,0.1639
M27,M30,0.0236
M27,P30,0.1097
M27,M31,0.0685
M27,P31,0.1144
M27,M33,0.0688
M27,P33,0.0930
M27,M35,0.1581
M27,P35,0.1874
P27,M28,0.0885
P27,P28,0.1368
P27,M29,0.0787
P27,P29,0.3538
P27,M37,0.1179
P27,P37,0.0821
P27,M40,0.1086
P27,P40,0.0774
P27,M41,0.1277
P27,P41,0.1528
P27,M43,0.0956
P27,P43,0.0982
P27,M44,0.2296
P27,P44,0.2051
P27,M45,0.2343
P27,P45,0.1398
P27,M46,-0.0292
P27,P46,0.0668
P27,M47,0.0725
P27,P47,0.0627
P27,M48,0.0777
P27,P48,0.0829
P27,M6,0.0005
P27,P6,-0.0147
P27,M7,0.0218
P27,P7,0.0207
P27,M8,0.1386
P27,P8,0.1018
P27,M10,0.0687
P27,P10,-0.0116
P27,M12,0.2634
P27,P12,0.1603
P27,M14,-0.0675
P27,P14,0.0230
P27,M16,0.1589
P27,P16,0.2010
P27,M17,-0.0644
P27,P17,0.0640
P27,M18,0.1327
P27,P18,0.0751
P27,M20,0.0733
P27,P20,0.0587
P27,M21,0.1675
P27,P21,0.1076
P27,M23,0.1625
P27,P23,0.0521
P27,M24,0.0807
P27,P24,0.0582
P27,M25,0.1997
P27,P25,0.1836
P27,M30,0.0308
P27,P30,-0.0819
P27,M31,0.1150
P27,P31,0.2329
P27,M33,0.0550
P27,P33,0.0380
P27,M35,-0.0082
P27,P35,0.0754
M28,P28,0.5880
M28,M29,0.0643
M28,P29,0.0351
M28,M37,0.0265
M28,P37,0.0164
M28,M40,0.0791
M28,P40,0.1832
M28,M41,0.0793
M28,P41,0.0595
M28,M43,0.1083
M28,P43,0.2340
M28,M44,0.0611
M28,P44,0.0789
M28,M45,0.0201
M28,P45,-0.0076
M28,M46,0.0868
M28,P46,0.2113
M28,M47,0.1792
M28,P47,-0.0108
M28,M48,0.1003
M28,P48,0.1984
M28,M6,0.0869
M28,P6,0.1431
M28,M7,0.1201
M28,P7,0.0723
M28,M8,0.0776
M28,P8,0.1018
M28,M10,0.1603
M28,P10,0.1042
M28,M12,0.1419
M28,P12,0.0680
M28,M14,0.0384
M28,P14,0.0992
M28,M16,0.1390
M28,P16,0.1454
M28,M17,0.2163
M28,P17,0.1358
M28,M18,0.3007
M28,P18,0.2698
M28,M20,0.1389
M28,P20,0.1426
M28,M21,0.1836
M28,P21,0.2837
M28,M23,0.1125
M28,P23,0.0590
M28,M24,0.0924
M28,P24,0.1183
M28,M25,0.1082
M28,P25,0.0314
M28,M30,0.0396
M28,P30,0.0658
M28,M31,0.2048
M28,P31,0.1946
M28,M33,0.1796
M28,P33,0.0933
M28,M35,0.1387
M28,P35,0.1792
P28,M29,0.1431
P28,P29,0.0795
P28,M37,0.1419
P28,P37,0.0144
P28,M40,0.1057
P28,P40,0.0883
P28,M41,0.1193
P28,P41,0.1717
P28,M43,0.1672
P28,P43,0.1281
P28,M44,0.1214
P28,P44,0.1582
P28,M45,0.0799
P28,P45,0.1051
P28,M46,0.0902
P28,P46,0.2202
P28,M47,0.1332
P28,P47,0.0827
P28,M48,0.1066
P28,P48,0.2221
P28,M6,0.1179
P28,P6,0.1087
P28,M7,0.0432
P28,P7,0.0720
P28,M8,0.3082
P28,P8,0.1921
P28,M10,0.1265
P28,P10,0.1371
P28,M12,0.0928
P28,P12,-0.0222
P28,M14,-0.0047
P28,P14,0.0461
P28,M16,0.1329
P28,P16,0.1289
P28,M17,0.1443
P28,P17,0.0537
P28,M18,0.1914
P28,P18,0.1500
P28,M20,0.1908
P28,P20,0.3114
P28,M21,0.1470
P28,P21,0.2101
P28,M23,0.1081
P28,P23,0.0645
P28,M24,0.0758
P28,P24,0.1335
P28,M25,0.2433
P28,P25,0.0904
P28,M30,0.2189
P28,P30,0.2164
P28,M31,0.2150
P28,P31,0.1389
P28,M33,0.1700
P28,P33,0.2282
P28,M35,0.1518
P28,P35,0.1332
M29,P29,0.5055
M29,M37,0.1132
M29,P37,0.0664
M29,M40,0.1950
M29,P40,0.1645
M29,M41,0.0894
M29,P41,0.1648
M29,M43,0.1760
M29,P43,0.1355
M29,M44,0.0824
M29,P44,0.0062
M29,M45,0.0499
M29,P45,0.1652
M29,M46,0.0912
M29,P46,0.1806
M29,M47,0.2025
M29,P47,0.1667
M29,M48,0.0547
M29,P48,0.0644
M29,M6,0.2097
M29,P6,0.1686
M29,M7,0.1861
M29,P7,0.3158
M29,M8,0.2392
M29,P8,0.2089
M29,M10,0.0483
M29,P10,0.0314
M29,M12,0.2624
M29,P12,0.1999
M29,M14,0.1241
M29,P14,0.1108
M29,M16,0.0786
M29,P16,0.0716
M29,M17,0.0003
M29,P17,-0.0633
M29,M18,0.0656
M29,P18,0.0234
M29,M20,0.1310
M29,P20,0.1800
M29,M21,0.1268
M29,P21,0.0987
M29,M23,0.0019
M29,P23,0.1149
M29,M24,0.0849
M29,P24,0.0811
M29,M25,0.0863
M29,P25,0.0221
M29,M30,0.1202
M29,P30,0.0861
M29,M31,0.1692
M29,P31,0.1126
M29,M33,0.1172
M29,P33,0.1107
M29,M35,0.0760
M29,P35,0.0461
P29,M37,0.1250
P29,P37,0.0972
P29,M40,0.1099
P29,P40,0.1429
P29,M41,0.1717
P29,P41,0.1711
P29,M43,0.1229
P29,P43,0.0670
P29,M44,-0.0062
P29,P44,0.1252
P29,M45,0.1664
P29,P45,0.0557
P29,M46,0.0447
P29,P46,0.0907
P29,M47,0.2115
P29,P47,0.1979
P29,M48,0.1431
P29,P48,0.1326
P29,M6,0.1778
P29,P6,0.1457
P29,M7,0.0859
P29,P7,0.1554
P29,M8,0.1572
P29,P8,0.1666
P29,M10,0.0463
P29,P10,0.1155
P29,M12,0.1981
P29,P12,0.2556
P29,M14,-0.0447
P29,P14,0.0849
P29,M16,0.1539
P29,P16,0.1456
P29,M17,0.0137
P29,P17,0.0501
P29,M18,0.1334
P29,P18,0.1045
P29,M20,0.1401
P29,P20,0.0157
P29,M21,0.0840
P29,P21,0.1659
P29,M23,0.0526
P29,P23,0.1457
P29,M24,0.1306
P29,P24,-0.0161
P29,M25,0.2413
P29,P25,0.1124
P29,M30,0.0495
P29,P30,-0.0084
P29,M31,0.2247
P29,P31,0.2505
P29,M33,0.0283
P29,P33,-0.0576
P29,M35,0.1114
P29,P35,0.1054
M37,P37,0.5146
M37,M40,0.1933
M37,P40,0.1661
M37,M41,0.0815
M37,P41,0.1333
M37,M43,0.0763
M37,P43,0.1769
M37,M44,0.0469
M37,P44,0.1877
M37,M45,0.1808
M37,P45,0.2449
M37,M46,0.1840
M37,P46,0.3486
M37,M47,0.0660
M37,P47,0.1369
M37,M48,0.1634
M37,P48,0.1632
M37,M6,0.0381
M37,P6,0.1216
M37,M7,0.1411
M37,P7,0.0871
M37,M8,0.2714
M37,P8,0.2655
M37,M10,0.1950
M37,P10,0.1337
M37,M12,-0.0220
M37,P12,0.1007
M37,M14,-0.0255
M37,P14,0.1531
M37,M16,0.2181
M37,P16,0.2890
M37,M17,0.1878
M37,P17,0.1037
M37,M18,0.0909
M37,P18,0.1877
M37,M20,0.1183
M37,P20,0.0824
M37,M21,0.0067
M37,P21,0.0902
M37,M23,0.1872
M37,P23,0.1231
M37,M24,0.0046
M37,P24,-0.0931
M37,M25,0.1662
M37,P25,0.2092
M37,M30,0.0293
M37,P30,0.0180
M37,M31,0.1356
M37,P31,0.0454
M37,M33,0.1472
M37,P33,0.1757
M37,M35,-0.0344
M37,P35,0.0173
P37,M40,0.0704
P37,P40,0.0539
P37,M41,-0.0598
P37,P41,0.0819
P37,M43,0.0593
P37,P43,0.0621
P37,M44,0.0450
P37,P44,0.2385
P37,M45,0.1830
P37,P45,0.1325
P37,M46,0.3071
P37,P46,0.2621
P37,M47,0.1200
P37,P47,0.0034
P37,M48,0.2878
P37,P48,0.2102
P37,M6,0.0967
P37,P6,0.1072
P37,M7,0.2312
P37,P7,0.1065
P37,M8,0.1797
P37,P8,0.1461
P37,M10,0.2929
P37,P10,0.2566
P37,M12,-0.0053
P37,P12,0.1377
P37,M14,0.2157
P37,P14,0.0440
P37,M16,0.2069
P37,P16,0.2716
P37,M17,0.1293
P37,P17,0.0629
P37,M18,0.0940
P37,P18,0.1827
P37,M20,0.0855
P37,P20,0.0885
P37,M21,0.2491
P37,P21,0.1626
P37,M23,0.2192
P37,P23,0.2691
P37,M24,0.1649
P37,P24,0.0817
P37,M25,0.1282
P37,P25,0.1511
P37,M30,-0.0863
P37,P30,-0.0286
P37,M31,0.0511
P37,P31,0.0698
P37,M33,0.1091
P37,P33,0.2456
P37,M35,0.0675
P37,P35,0.1573
M40,P40,0.5329
M40,M41,0.1436
M40,P41,0.1085
M40,M43,0.3013
M40,P43,0.0368
M40,M44,0.0150
M40,P44,0.0349
M40,M45,0.1349
M40,P45,0.1372
M40,M46,0.1070
M40,P46,0.0868
M40,M47,0.2091
M40,P47,0.2140
M40,M48,0.0660
M40,P48,0.1965
M40,M6,0.1326
M40,P6,0.0463
M40,M7,0.0177
M40,P7,0.0573
M40,M8,0.1494
M40,P8,0.0168
M40,M10,0.1138
M40,P10,0.1063
M40,M12,0.2159
M40,P12,0.0732
M40,M14,0.1517
M40,P14,0.1446
M40,M16,0.1558
M40,P16,0.1207
M40,M17,0.1908
M40,P17,0.1072
M40,M18,0.1609
M40,P18,0.0520
M40,M20,0.2157
M40,P20,0.2477
M40,M21,0.1609
M40,P21,0.0561
M40,M23,-0.0286
M40,P23,0.1112
M40,M24,0.0253
M40,P24,0.1093
M40,M25,0.1378
M40,P25,0.2230
M40,M30,0.2108
M40,P30,0.2649
M40,M31,0.0287
M40,P31,0.0060
M40,M33,-0.0146
M40,P33,0.0154
M40,M35,0.0250
M40,P35,-0.0072
P40,M41,0.1595
P40,P41,0.0863
P40,M43,0.2208
P40,P43,0.1580
P40,M44,0.0858
P40,P44,-0.0756
P40,M45,0.1390
P40,P45,0.2330
P40,M46,0.0845
P40,P46,0.1610
P40,M47,0.1929
P40,P47,0.1933
P40,M48,0.1541
P40,P48,0.0834
P40,M6,0.1779
P40,P6,0.1200
P40,M7,0.1535
P40,P7,0.0848
P40,M8,0.1794
P40,P8,0.0398
P40,M10,0.0862
P40,P10,0.1296
P40,M12,0.1773
P40,P12,0.0842
P40,M14,0.1736
P40,P14,0.1634
P40,M16,0.2493
P40,P16,0.1395
P40,M17,0.0623
P40,P17,0.1058
P40,M18,0.0953
P40,P18,0.2051
P40,M20,0.1434
P40,P20,0.1148
P40,M21,0.2400
P40,P21,0.1584
P40,M23,0.0810
P40,P23,0.0737
P40,M24,0.1298
P40,P24,0.1409
P40,M25,0.1520
P40,P25,0.2245
P40,M30,0.1620
P40,P30,0.2575
P40,M31,0.0790
P40,P31,0.0958
P40,M33,0.1652
P40,P33,0.0719
P40,M35,0.1149
P40,P35,0.0939
M41,P41,0.6688
M41,M43,0.2357
M41,P43,0.1524
M41,M44,0.0267
M41,P44,-0.0410
M41,M45,0.2962
M41,P45,0.3047
M41,M46,0.1467
M41,P46,0.0269
M41,M47,0.0831
M41,P47,0.2455
M41,M48,0.0493
M41,P48,0.1361
M41,M6,0.1002
M41,P6,-0.0186
M41,M7,0.1459
M41,P7,0.0264
M41,M8,0.2066
M41,P8,-0.0384
M41,M10,0.0481
M41,P10,0.0909
M41,M12,0.1551
M41,P12,0.2555
M41,M14,0.0660
M41,P14,0.0686
M41,M16,0.2409
M41,P16,0.2492
M41,M17,-0.0052
M41,P17,0.1222
M41,M18,0.3086
M41,P18,0.3748
M41,M20,0.0561
M41,P20,0.1076
M41,M21,0.1894
M41,P21,0.1913
M41,M23,0.1296
M41,P23,-0.0005
M41,M24,0.1044
M41,P24,0.1856
M41,M25,0.2202
M41,P25,0.3117
M41,M30,0.2450
M41,P30,0.2940
M41,M31,0.1590
M41,P31,0.2408
M41,M33,-0.0101
M41,P33,0.0388
M41,M35,0.0847
M41,P35,0.0560
P41,M43,0.2039
P41,P43,0.1943
P41,M44,0.1376
P41,P44,0.0283
P41,M45,0.3524
P41,P45,0.2614
P41,M46,0.0260
P41,P46,-0.0052
P41,M47,0.1402
P41,P47,0.0743
P41,M48,-0.0252
P41,P48,0.1075
P41,M6,-0.0265
P41,P6,0.0241
P41,M7,0.1086
P41,P7,0.1679
P41,M8,0.1968
P41,P8,0.0335
P41,M10,0.0693
P41,P10,0.0744
P41,M12,0.2993
P41,P12,0.1682
P41,M14,0.0638
P41,P14,0.0973
P41,M16,0.2411
P41,P16,0.2757
P41,M17,-0.0025
P41,P17,0.1289
P41,M18,0.3601
P41,P18,0.2270
P41,M20,0.0402
P41,P20,0.1413
P41,M21,0.0052
P41,P21,0.1492
P41,M23,0.1420
P41,P23,-0.0020
P41,M24,0.1316
P41,P24,0.1691
P41,M25,0.1868
P41,P25,0.3483
P41,M30,0.2345
P41,P30,0.1180
P41,M31,0.1210
P41,P31,0.1460
P41,M33,0.0773
P41,P33,0.0073
P41,M35,0.1006
P41,P35,0.1176
M43,P43,0.2215
M43,M44,0.2542
M43,P44,0.1123
M43,M45,0.1435
M43,P45,0.1389
M43,M46,0.0965
M43,P46,0.1236
M43,M47,0.3235
M43,P47,0.2776
M43,M48,0.0006
M43,P48,0.0785
M43,M6,0.2198
M43,P6,0.0107
M43,M7,0.1397
M43,P7,0.0836
M43,M8,0.1118
M43,P8,0.0836
M43,M10,0.1461
M43,P10,0.2369
M43,M12,-0.0163
M43,P12,0.0753
M43,M14,0.2982
M43,P14,0.2327
M43,M16,0.1792
M43,P16,0.2004
M43,M17,0.1104
M43,P17,0.1227
M43,M18,0.3265
M43,P18,0.1208
M43,M20,0.0588
M43,P20,0.1916
M43,M21,0.3323
M43,P21,0.2019
M43,M23,0.0636
M43,P23,0.1518
M43,M24,0.0994
M43,P24,0.1590
M43,M25,0.2021
M43,P25,0.1324
M43,M30,0.2056
M43,P30,0.2284
M43,M31,0.2640
M43,P31,0.1844
M43,M33,0.2341
M43,P33,0.3132
M43,M35,0.2564
M43,P35,0.2060
P43,M44,0.1396
P43,P44,-0.0413
P43,M45,0.1776
P43,P45,0.2000
P43,M46,0.0684
P43,P46,0.1222
P43,M47,0.0587
P43,P47,0.1097
P43,M48,0.0362
P43,P48,0.0255
P43,M6,0.0249
P43,P6,0.1822
P43,M7,0.1452
P43,P7,0.0816
P43,M8,0.3189
P43,P8,0.1811
P43,M10,0.0588
P43,P10,0.0698
P43,M12,0.2028
P43,P12,0.1032
P43,M14,0.0681
P43,P14,0.1263
P43,M16,0.2460
P43,P16,0.1413
P43,M17,0.2314
P43,P17,0.0466
P43,M18,-0.0283
P43,P18,0.0432
P43,M20,-0.0201
P43,P20,0.0217
P43,M21,0.1958
P43,P21,0.0859
P43,M23,0.0386
P43,P23,0.0873
P43,M24,0.1290
P43,P24,0.0533
P43,M25,0.2030
P43,P25,0.2155
P43,M30,0.0849
P43,P30,0.2309
P43,M31,0.1115
P43,P31,0.1048
P43,M33,0.2808
P43,P33,0.1974
P43,M35,0.1103
P43,P35,-0.0187
M44,P44,0.5021
M44,M45,0.0310
M44,P45,0.1176
M44,M46,-0.0108
M44,P46,0.0916
M44,M47,0.0865
M44,P47,0.1485
M44,M48,0.0908
M44,P48,0.0920
M44,M6,0.1617
M44,P6,0.2100
M44,M7,0.0076
M44,P7,-0.0594
M44,M8,-0.0653
M44,P8,-0.1049
M44,M10,0.2254
M44,P10,0.1678
M44,M12,-0.0256
M44,P12,0.1802
M44,M14,0.0720
M44,P14,0.1437
M44,M16,0.0516
M44,P16,0.1407
M44,M17,0.1479
M44,P17,0.1452
M44,M18,0.1743
M44,P18,0.0927
M44,M20,-0.0491
M44,P20,0.0690
M44,M21,0.2772
M44,P21,0.2053
M44,M23,-0.0205
M44,P23,-0.0261
M44,M24,0.1029
M44,P24,0.2131
M44,M25,-0.0662
M44,P25,0.1877
M44,M30,0.1187
M44,P30,0.0694
M44,M31,0.0083
M44,P31,0.0277
M44,M33,0.1775
M44,P33,0.2146
M44,M35,0.2254
M44,P35,0.2894
P44,M45,0.1226
P44,P45,0.0640
P44,M46,0.0240
P44,P46,0.0811
P44,M47,0.0319
P44,P47,0.0121
P44,M48,0.1450
P44,P48,0.1966
P44,M6,0.1052
P44,P6,0.1078
P44,M7,0.0646
P44,P7,-0.0010
P44,M8,0.0186
P44,P8,0.0168
P44,M10,0.2072
P44,P10,0.2070
P44,M12,0.0682
P44,P12,0.1252
P44,M14,-0.0107
P44,P14,0.1284
P44,M16,0.1602
P44,P16,0.2301
P44,M17,0.1349
P44,P17,0.1944
P44,M18,0.1612
P44,P18,0.1236
P44,M20,0.0586
P44,P20,0.0948
P44,M21,0.1169
P44,P21,0.2413
P44,M23,0.0963
P44,P23,0.1837
P44,M24,0.1330
P44,P24,0.2385
P44,M25,0.0797
P44,P25,0.1267
P44,M30,0.0788
P44,P30,0.1068
P44,M31,-0.0008
P44,P31,0.0548
P44,M33,0.0695
P44,P33,0.2068
P44,M35,0.2058
P44,P35,0.2751
M45,P45,0.6918
M45,M46,0.0854
M45,P46,0.1598
M45,M47,-0.0076
M45,P47,0.0350
M45,M48,0.1013
M45,P48,0.1777
M45,M6,0.1245
M45,P6,0.0032
M45,M7,0.0534
M45,P7,0.1572
M45,M8,0.2206
M45,P8,0.0258
M45,M10,0.1861
M45,P10,0.0742
M45,M12,0.2433
M45,P12,0.0839
M45,M14,0.1546
M45,P14,0.1468
M45,M16,0.1262
M45,P16,0.1867
M45,M17,0.1345
M45,P17,0.2830
M45,M18,0.1864
M45,P18,0.1719
M45,M20,0.0491
M45,P20,0.1220
M45,M21,0.0999
M45,P21,0.1892
M45,M23,0.3067
M45,P23,0.1439
M45,M24,0.2520
M45,P24,0.1712
M45,M25,0.2035
M45,P25,0.3341
M45,M30,0.3042
M45,P30,0.1517
M45,M31,0.1218
M45,P31,0.2094
M45,M33,0.1717
M45,P33,0.1746
M45,M35,0.1957
M45,P35,0.2201
P45,M46,0.1051
P45,P46,0.1808
P45,M47,-0.0019
P45,P47,0.1397
P45,M48,0.1487
P45,P48,0.1001
P45,M6,0.0122
P45,P6,0.0264
P45,M7,-0.0039
P45,P7,0.0091
P45,M8,0.2918
P45,P8,0.0961
P45,M10,0.2102
P45,P10,0.1005
P45,M12,0.1438
P45,P12,0.2564
P45,M14,0.1921
P45,P14,0.2286
P45,M16,0.1760
P45,P16,0.2771
P45,M17,0.0963
P45,P17,0.1158
P45,M18,0.2494
P45,P18,0.3068
P45,M20,0.0285
P45,P20,0.1534
P45,M21,0.1661
P45,P21,0.2375
P45,M23,0.1412
P45,P23,0.0822
P45,M24,0.2107
P45,P24,0.2298
P45,M25,0.2270
P45,P25,0.2947
P45,M30,0.3236
P45,P30,0.2400
P45,M31,0.0879
P45,P31,0.1044
P45,M33,0.0709
P45,P33,0.1719
P45,M35,0.1078
P45,P35,0.1319
M46,P46,0.4758
M46,M47,0.0860
M46,P47,0.0448
M46,M48,0.1970
M46,P48,0.1618
M46,M6,0.1117
M46,P6,0.1640
M46,M7,0.0889
M46,P7,0.1191
M46,M8,0.1274
M46,P8,0.0568
M46,M10,-0.0086
M46,P10,0.1013
M46,M12,0.0320
M46,P12,0.1492
M46,M14,0.0430
M46,P14,0.0924
M46,M16,0.1395
M46,P16,0.0497
M46,M17,-0.0533
M46,P17,0.0824
M46,M18,0.1434
M46,P18,0.1662
M46,M20,-0.0742
M46,P20,0.0087
M46,M21,0.0813
M46,P21,0.1669
M46,M23,0.1846
M46,P23,0.1586
M46,M24,0.2285
M46,P24,0.1704
M46,M25,0.1135
M46,P25,0.1633
M46,M30,0.1342
M46,P30,0.0646
M46,M31,0.1376
M46,P31,0.1170
M46,M33,0.1331
M46,P33,0.0913
M46,M35,0.1125
M46,P35,0.1156
P46,M47,0.1502
P46,P47,0.1933
P46,M48,0.1689
P46,P48,0.1770
P46,M6,0.0824
P46,P6,0.1953
P46,M7,0.0260
P46,P7,0.0382
P46,M8,0.2553
P46,P8,0.2502
P46,M10,0.1828
P46,P10,0.1699
P46,M12,0.1592
P46,P12,0.1725
P46,M14,0.0777
P46,P14,0.1281
P46,M16,0.1898
P46,P16,0.1097
P46,M17,0.0665
P46,P17,0.0484
P46,M18,0.1111
P46,P18,0.0965
P46,M20,0.0118
P46,P20,0.0713
P46,M21,0.1844
P46,P21,0.1503
P46,M23,0.1808
P46,P23,0.1529
P46,M24,0.1588
P46,P24,0.1949
P46,M25,0.1450
P46,P25,0.3822
P46,M30,0.1419
P46,P30,0.0528
P46,M31,0.3095
P46,P31,0.2037
P46,M33,0.0809
P46,P33,0.0607
P46,M35,0.1340
P46,P35,0.0995
M47,P47,0.5632
M47,M48,0.1451
M47,P48,0.1241
M47,M6,0.1388
M47,P6,0.0811
M47,M7,0.0732
M47,P7,0.2575
M47,M8,0.0725
M47,P8,0.0733
M47,M10,0.0409
M47,P10,0.1332
M47,M12,-0.0507
M47,P12,0.1543
M47,M14,0.0847
M47,P14,0.0179
M47,M16,0.0009
M47,P16,0.0693
M47,M17,0.0808
M47,P17,-0.0044
M47,M18,0.2704
M47,P18,0.1590
M47,M20,0.0295
M47,P20,0.0997
M47,M21,0.1701
M47,P21,0.1255
M47,M23,0.0692
M47,P23,0.0449
M47,M24,0.0706
M47,P24,0.1211
M47,M25,0.0428
M47,P25,0.3812
M47,M30,-0.0045
M47,P30,-0.0687
M47,M31,0.2012
M47,P31,0.1637
M47,M33,0.0923
M47,P33,0.0302
M47,M35,0.0564
M47,P35,0.2032
P47,M48,0.1944
P47,P48,0.0478
P47,M6,0.0488
P47,P6,0.0706
P47,M7,0.0140
P47,P7,0.1245
P47,M8,0.1445
P47,P8,-0.0230
P47,M10,0.0091
P47,P10,0.0791
P47,M12,0.0028
P47,P12,0.1457
P47,M14,0.0734
P47,P14,0.0553
P47,M16,0.0850
P47,P16,0.0655
P47,M17,0.0840
P47,P17,0.0075
P47,M18,0.1619
P47,P18,0.0162
P47,M20,-0.0619
P47,P20,0.1075
P47,M21,0.1792
P47,P21,0.1194
P47,M23,0.1813
P47,P23,0.1358
P47,M24,0.1285
P47,P24,0.0490
P47,M25,0.1662
P47,P25,0.1852
P47,M30,0.1105
P47,P30,-0.0246
P47,M31,0.1247
P47,P31,0.0950
P47,M33,0.1157
P47,P33,0.1206
P47,M35,0.1475
P47,P35,0.0916
M48,P48,0.5541
M48,M6,0.2248
M48,P6,0.1236
M48,M7,0.1609
M48,P7,0.0870
M48,M8,0.0125
M48,P8,0.0904
M48,M10,0.1642
M48,P10,0.1278
M48,M12,0.0197
M48,P12,0.1636
M48,M14,0.0734
M48,P14,0.1106
M48,M16,0.1088
M48,P16,0.2945
M48,M17,0.1293
M48,P17,0.1513
M48,M18,0.1875
M48,P18,0.0403
M48,M20,0.0172
M48,P20,0.0132
M48,M21,0.0939
M48,P21,0.1318
M48,M23,0.1555
M48,P23,0.2313
M48,M24,0.0641
M48,P24,0.1109
M48,M25,0.0016
M48,P25,0.0327
M48,M30,0.2728
M48,P30,0.1799
M48,M31,0.0797
M48,P31,-0.0004
M48,M33,0.2733
M48,P33,0.2136
M48,M35,0.0315
M48,P35,0.0258
P48,M6,0.2337
P48,P6,0.1049
P48,M7,0.1308
P48,P7,0.0593
P48,M8,0.1063
P48,P8,0.2090
P48,M10,0.1450
P48,P10,0.1546
P48,M12,0.1586
P48,P12,0.0991
P48,M14,0.0153
P48,P14,0.1065
P48,M16,0.2336
P48,P16,0.2636
P48,M17,0.1435
P48,P17,0.1934
P48,M18,0.2863
P48,P18,0.1286
P48,M20,0.1809
P48,P20,0.1325
P48,M21,0.0654
P48,P21,0.1360
P48,M23,0.1280
P48,P23,0.2136
P48,M24,0.1290
P48,P24,0.0881
P48,M25,0.0250
P48,P25,0.1618
P48,M30,0.2072
P48,P30,0.1386
P48,M31,0.2108
P48,P31,0.0509
P48,M33,0.1191
P48,P33,0.1051
P48,M35,0.1279
P48,P35,0.1279
M6,P6,0.5524
M6,M7,0.0377
M6,P7,0.0933
M6,M8,0.0640
M6,P8,0.1010
M6,M10,0.1329
M6,P10,0.1202
M6,M12,-0.0174
M6,P12,-0.1337
M6,M14,-0.0114
M6,P14,0.1236
M6,M16,0.0924
M6,P16,0.1182
M6,M17,0.1304
M6,P17,0.1004
M6,M18,0.0205
M6,P18,0.1213
M6,M20,0.1330
M6,P20,0.1419
M6,M21,0.0997
M6,P21,0.1210
M6,M23,0.1268
M6,P23,0.1462
M6,M24,-0.0107
M6,P24,0.0413
M6,M25,0.1148
M6,P25,0.1507
M6,M30,0.1040
M6,P30,0.2681
M6,M31,0.1458
M6,P31,0.0981
M6,M33,0.0331
M6,P33,0.0718
M6,M35,0.0165
M6,P35,0.1428
P6,M7,0.0594
P6,P7,0.1110
P6,M8,0.2636
P6,P8,0.1608
P6,M10,0.2046
P6,P10,0.2116
P6,M12,0.0876
P6,P12,0.0067
P6,M14,0.0337
P6,P14,0.0971
P6,M16,0.0064
P6,P16,0.0156
P6,M17,0.1915
P6,P17,0.1567
P6,M18,-0.0261
P6,P18,0.0255
P6,M20,0.1016
P6,P20,0.1026
P6,M21,0.1676
P6,P21,0.0893
P6,M23,0.1026
P6,P23,0.0680
P6,M24,0.0466
P6,P24,0.0991
P6,M25,0.0777
P6,P25,0.0709
P6,M30,0.0686
P6,P30,0.2089
P6,M31,0.0918
P6,P31,0.0549
P6,M33,0.0874
P6,P33,0.0330
P6,M35,0.0885
P6,P35,0.0223
M7,P7,0.5971
M7,M8,0.2074
M7,P8,0.1960
M7,M10,0.1601
M7,P10,0.1792
M7,M12,0.0439
M7,P12,0.1188
M7,M14,0.1764
M7,P14,-0.0341
M7,M16,0.0014
M7,P16,0.0792
M7,M17,0.1661
M7,P17,0.0916
M7,M18,-0.0114
M7,P18,-0.0034
M7,M20,0.1351
M7,P20,0.1375
M7,M21,0.1255
M7,P21,0.1086
M7,M23,0.1868
M7,P23,0.0238
M7,M24,0.1994
M7,P24,0.1759
M7,M25,0.0798
M7,P25,0.0787
M7,M30,0.0958
M7,P30,0.0280
M7,M31,0.0173
M7,P31,0.0702
M7,M33,0.0466
M7,P33,0.0844
M7,M35,0.2074
M7,P35,0.2147
P7,M8,0.2437
P7,P8,0.1981
P7,M10,0.0770
P7,P10,0.1787
P7,M12,0.0060
P7,P12,0.0741
P7,M14,-0.0016
P7,P14,-0.0878
P7,M16,0.0656
P7,P16,0.0835
P7,M17,0.0754
P7,P17,0.0739
P7,M18,0.0165
P7,P18,0.0422
P7,M20,0.1276
P7,P20,0.1669
P7,M21,0.0373
P7,P21,0.1646
P7,M23,0.0570
P7,P23,0.0925
P7,M24,0.1197
P7,P24,0.0596
P7,M25,0.1301
P7,P25,0.1547
P7,M30,0.1895
P7,P30,-0.0400
P7,M31,0.1672
P7,P31,-0.0109
P7,M33,0.0113
P7,P33,0.1158
P7,M35,0.1615
P7,P35,0.2381
M8,P8,0.5376
M8,M10,0.0990
M8,P10,0.1667
M8,M12,0.1712
M8,P12,0.1270
M8,M14,-0.0031
M8,P14,0.0606
M8,M16,0.1735
M8,P16,0.1930
M8,M17,0.0942
M8,P17,0.1532
M8,M18,0.0790
M8,P18,0.1829
M8,M20,0.2075
M8,P20,0.1109
M8,M21,0.2274
M8,P21,0.1351
M8,M23,0.2306
M8,P23,0.0787
M8,M24,0.1755
M8,P24,0.0422
M8,M25,0.2614
M8,P25,0.2178
M8,M30,0.3259
M8,P30,0.2432
M8,M31,0.1202
M8,P31,0.1637
M8,M33,0.0714
M8,P33,0.1721
M8,M35,0.2368
M8,P35,0.0854
P8,M10,0.1220
P8,P10,0.2197
P8,M12,0.1778
P8,P12,0.1011
P8,M14,-0.1107
P8,P14,0.0212
P8,M16,0.0450
P8,P16,0.2107
P8,M17,0.2024
P8,P17,0.1822
P8,M18,0.0748
P8,P18,0.1121
P8,M20,0.3720
P8,P20,0.1448
P8,M21,-0.0024
P8,P21,-0.0114
P8,M23,0.1625
P8,P23,0.1047
P8,M24,0.1066
P8,P24,0.0357
P8,M25,0.2199
P8,P25,0.2869
P8,M30,0.0623
P8,P30,-0.0776
P8,M31,0.1271
P8,P31,0.0253
P8,M33,0.1444
P8,P33,0.1668
P8,M35,0.1610
P8,P35,0.0919
M10,P10,0.6706
M10,M12,-0.0550
M10,P12,0.1158
M10,M14,0.1003
M10,P14,0.1299
M10,M16,0.1875
M10,P16,0.2446
M10,M17,0.1344
M10,P17,0.1075
M10,M18,0.0872
M10,P18,0.3627
M10,M20,0.0831
M10,P20,0.1174
M10,M21,0.1935
M10,P21,0.0865
M10,M23,0.2630
M10,P23,0.1839
M10,M24,0.2189
M10,P24,0.1481
M10,M25,0.1512
M10,P25,0.2683
M10,M30,0.0609
M10,P30,-0.0514
M10,M31,-0.0108
M10,P31,0.0701
M10,M33,-0.0804
M10,P33,0.0528
M10,M35,0.2109
M10,P35,0.1788
P10,M12,-0.1344
P10,P12,0.1056
P10,M14,0.2213
P10,P14,0.1778
P10,M16,0.2079
P10,P16,0.3075
P10,M17,0.0735
P10,P17,0.0412
P10,M18,0.1415
P10,P18,0.2532
P10,M20,0.0775
P10,P20,0.0907
P10,M21,0.1655
P10,P21,0.1518
P10,M23,0.2054
P10,P23,0.1380
P10,M24,0.1857
P10,P24,0.1518
P10,M25,0.0231
P10,P25,0.0685
P10,M30,0.1392
P10,P30,0.0918
P10,M31,0.0296
P10,P31,0.1042
P10,M33,0.0043
P10,P33,-0.0136
P10,M35,0.2984
P10,P35,0.2089
M12,P12,0.4530
M12,M14,0.0456
M12,P14,0.0472
M12,M16,0.2476
M12,P16,0.1804
M12,M17,0.0410
M12,P17,0.1997
M12,M18,0.1852
M12,P18,0.1894
M12,M20,0.0734
M12,P20,0.1042
M12,M21,-0.0217
M12,P21,0.0257
M12,M23,0.0461
M12,P23,0.0799
M12,M24,0.0834
M12,P24,0.0740
M12,M25,0.1835
M12,P25,0.2018
M12,M30,0.0341
M12,P30,0.1788
M12,M31,0.1398
M12,P31,0.1994
M12,M33,0.2302
M12,P33,0.0315
M12,M35,0.0549
M12,P35,0.0812
P12,M14,0.0460
P12,P14,0.1024
P12,M16,0.3206
P12,P16,0.1845
P12,M17,0.1182
P12,P17,0.1026
P12,M18,0.2777
P12,P18,0.3318
P12,M20,0.0005
P12,P20,0.0970
P12,M21,0.0225
P12,P21,0.1751
P12,M23,0.1303
P12,P23,0.0593
P12,M24,0.1348
P12,P24,0.1496
P12,M25,0.0804
P12,P25,0.2443
P12,M30,0.1372
P12,P30,0.2874
P12,M31,0.0605
P12,P31,0.0622
P12,M33,0.2068
P12,P33,0.1272
P12,M35,0.1645
P12,P35,0.1100
M14,P14,0.6519
M14,M16,0.0856
M14,P16,0.1045
M14,M17,-0.0096
M14,P17,0.1726
M14,M18,0.0894
M14,P18,-0.0119
M14,M20,-0.0323
M14,P20,0.1477
M14,M21,0.2414
M14,P21,0.2651
M14,M23,0.0348
M14,P23,0.1329
M14,M24,0.1158
M14,P24,0.2574
M14,M25,0.0088
M14,P25,0.0817
M14,M30,0.1152
M14,P30,0.2585
M14,M31,-0.1443
M14,P31,-0.0594
M14,M33,0.1307
M14,P33,0.1151
M14,M35,0.3050
M14,P35,0.2315
P14,M16,0.2168
P14,P16,0.1866
P14,M17,0.0898
P14,P17,0.0595
P14,M18,0.1817
P14,P18,0.1385
P14,M20,0.1316
P14,P20,0.2257
P14,M21,0.1019
P14,P21,0.1514
P14,M23,0.0107
P14,P23,0.0766
P14,M24,0.0830
P14,P24,0.1708
P14,M25,0.0337
P14,P25,0.1623
P14,M30,0.2518
P14,P30,0.3628
P14,M31,0.0205
P14,P31,0.0040
P14,M33,0.2142
P14,P33,0.2945
P14,M35,0.1928
P14,P35,0.1673
M16,P16,0.5861
M16,M17,-0.0010
M16,P17,0.0220
M16,M18,0.2531
M16,P18,0.2574
M16,M20,0.0562
M16,P20,0.1711
M16,M21,0.2324
M16,P21,0.2248
M16,M23,0.1112
M16,P23,0.1027
M16,M24,0.1509
M16,P24,0.2430
M16,M25,0.2667
M16,P25,0.3204
M16,M30,0.1933
M16,P30,0.2489
M16,M31,0.1495
M16,P31,0.1644
M16,M33,0.2260
M16,P33,0.1415
M16,M35,0.1213
M16,P35,0.1286
P16,M17,0.0967
P16,P17,0.0268
P16,M18,0.2690
P16,P18,0.4310
P16,M20,0.1394
P16,P20,0.2175
P16,M21,0.2003
P16,P21,0.1791
P16,M23,0.0923
P16,P23,0.2221
P16,M24,0.1727
P16,P24,0.2419
P16,M25,0.1628
P16,P25,0.5056
P16,M30,0.0650
P16,P30,0.0511
P16,M31,0.1689
P16,P31,0.0398
P16,M33,0.2525
P16,P33,0.2191
P16,M35,0.0485
P16,P35,0.1670
M17,P17,0.4995
M17,M18,0.0071
M17,P18,0.0591
M17,M20,0.1598
M17,P20,0.0528
M17,M21,0.0378
M17,P21,0.1443
M17,M23,0.0887
M17,P23,0.0664
M17,M24,0.1002
M17,P24,0.1196
M17,M25,0.2327
M17,P25,0.2436
M17,M30,0.1011
M17,P30,0.1936
M17,M31,-0.0358
M17,P31,-0.0497
M17,M33,0.0304
M17,P33,0.2289
M17,M35,0.1545
M17,P35,0.0519
P17,M18,0.2248
P17,P18,0.2658
P17,M20,0.1495
P17,P20,0.1582
P17,M21,0.0662
P17,P21,0.1420
P17,M23,0.1290
P17,P23,0.1248
P17,M24,0.0598
P17,P24,0.2525
P17,M25,0.1424
P17,P25,0.2386
P17,M30,0.1923
P17,P30,0.1594
P17,M31,0.0125
P17,P31,0.0481
P17,M33,0.0515
P17,P33,0.1760
P17,M35,0.2153
P17,P35,0.3063
M18,P18,0.6289
M18,M20,0.1384
M18,P20,0.2583
M18,M21,0.0639
M18,P21,0.2532
M18,M23,0.1963
M18,P23,0.1205
M18,M24,0.0255
M18,P24,0.1280
M18,M25,-0.0100
M18,P25,0.1660
M18,M30,0.2581
M18,P30,0.2145
M18,M31,0.1536
M18,P31,0.0404
M18,M33,0.0619
M18,P33,0.0306
M18,M35,0.1185
M18,P35,0.2006
P18,M20,0.0742
P18,P20,0.2519
P18,M21,0.0580
P18,P21,0.1628
P18,M23,0.3023
P18,P23,0.1378
P18,M24,0.0789
P18,P24,0.1638
P18,M25,-0.0124
P18,P25,0.4483
P18,M30,0.2161
P18,P30,0.1761
P18,M31,0.1180
P18,P31,0.1101
P18,M33,0.0949
P18,P33,0.0146
P18,M35,0.1504
P18,P35,0.2513
M20,P20,0.5462
M20,M21,0.1043
M20,P21,0.0595
M20,M23,0.1401
M20,P23,-0.0679
M20,M24,0.1063
M20,P24,0.1272
M20,M25,0.1076
M20,P25,0.1264
M20,M30,0.0312
M20,P30,0.1156
M20,M31,0.2564
M20,P31,0.2454
M20,M33,0.1045
M20,P33,0.0777
M20,M35,0.1312
M20,P35,0.0592
P20,M21,0.2687
P20,P21,0.1270
P20,M23,0.0591
P20,P23,-0.0040
P20,M24,0.0276
P20,P24,0.3847
P20,M25,0.0274
P20,P25,0.1310
P20,M30,0.1338
P20,P30,0.3021
P20,M31,0.0413
P20,P31,0.0494
P20,M33,0.0868
P20,P33,0.1405
P20,M35,0.1082
P20,P35,0.1834
M21,P21,0.5545
M21,M23,0.0800
M21,P23,0.1998
M21,M24,0.1500
M21,P24,0.3641
M21,M25,0.1686
M21,P25,0.3037
M21,M30,0.0767
M21,P30,0.2103
M21,M31,0.0520
M21,P31,0.1577
M21,M33,0.0836
M21,P33,0.0909
M21,M35,0.1441
M21,P35,0.1315
P21,M23,0.1429
P21,P23,0.1961
P21,M24,0.0198
P21,P24,0.2078
P21,M25,0.2104
P21,P25,0.3003
P21,M30,0.1423
P21,P30,0.2899
P21,M31,0.0940
P21,P31,0.1154
P21,M33,0.0651
P21,P33,0.1178
P21,M35,0.1751
P21,P35,0.2859
M23,P23,0.5148
M23,M24,0.2431
M23,P24,0.1118
M23,M25,0.2735
M23,P25,0.2122
M23,M30,0.1359
M23,P30,0.0280
M23,M31,0.0992
M23,P31,0.1455
M23,M33,0.0701
M23,P33,0.0790
M23,M35,0.0631
M23,P35,0.1374
P23,M24,0.1607
P23,P24,0.0756
P23,M25,0.2823
P23,P25,0.2364
P23,M30,0.1696
P23,P30,0.1671
P23,M31,0.0463
P23,P31,-0.0048
P23,M33,0.1497
P23,P33,0.1262
P23,M35,0.0413
P23,P35,0.1519
M24,P24,0.5444
M24,M25,0.1411
M24,P25,0.1187
M24,M30,0.1876
M24,P30,0.0500
M24,M31,0.0952
M24,P31,0.2000
M24,M33,0.0905
M24,P33,0.0786
M24,M35,0.1789
M24,P35,0.1161
P24,M25,0.0837
P24,P25,0.2424
P24,M30,0.0851
P24,P30,0.0643
P24,M31,-0.0331
P24,P31,0.0570
P24,M33,0.1357
P24,P33,0.1908
P24,M35,0.2461
P24,P35,0.1938
M25,P25,0.5371
M25,M30,0.1801
M25,P30,0.1796
M25,M31,0.0752
M25,P31,0.1896
M25,M33,-0.0025
M25,P33,0.0956
M25,M35,0.0780
M25,P35,0.0934
P25,M30,0.2193
P25,P30,0.2475
P25,M31,0.2965
P25,P31,0.1464
P25,M33,-0.0808
P25,P33,0.0321
P25,M35,0.0842
P25,P35,0.1538
M30,P30,0.5642
M30,M31,0.0837
M30,P31,0.0819
M30,M33,0.1285
M30,P33,0.1305
M30,M35,0.1774
M30,P35,0.0196
P30,M31,0.1418
P30,P31,0.1557
P30,M33,0.1142
P30,P33,0.1489
P30,M35,0.1524
P30,P35,0.2236
M31,P31,0.5635
M31,M33,0.0541
M31,P33,0.0244
M31,M35,0.1021
M31,P35,0.1053
P31,M33,0.0643
P31,P33,0.0995
P31,M35,0.0956
P31,P35,0.0590
M33,P33,0.6029
M33,M35,0.1710
M33,P35,0.0011
P33,M35,0.1592
P33,P35,0.0924
M35,P35,0.5459
